id,industry_id,num_firms,average_unlevered_beta,average_levered_beta,average_corr_market,total_unlevered_beta,total_levered_beta,region_id
1,1,41,0.91018199,1.362998832,0.183747817,4.953430223,7.417768843,1
2,2,96,0.937032351,1.074487468,0.303465672,3.087770504,3.540721627,1
3,3,18,0.760812229,1.122088785,0.33710456,2.25690281,3.328607554,1
4,4,58,0.705230954,0.880540498,0.239039143,2.950273941,3.683666562,1
5,5,15,0.379283292,0.845010784,0.34418758,1.101966817,2.455087961,1
6,6,63,0.936712235,1.122629713,0.267819327,3.497552791,4.191742715,1
7,7,10,0.405268264,0.860228972,0.440338934,0.920355282,1.953561009,1
8,8,645,0.364389118,0.471938211,0.268578061,1.35673449,1.757173349,1
9,9,25,0.710137236,0.792801661,0.220417671,3.221779964,3.596815343,1
10,10,36,0.778105563,0.911339119,0.173227738,4.491806982,5.260930666,1
11,11,30,0.700040041,1.220010347,0.423627913,1.652487997,2.879910198,1
12,12,45,0.421270893,1.076942368,0.36207175,1.163501137,2.97438938,1
13,13,41,0.869529401,1.006784289,0.374961398,2.318983782,2.685034498,1
14,14,165,0.849144305,1.070528005,0.263725243,3.219806703,4.059254976,1
15,15,14,0.820249671,1.115739037,0.377358458,2.173661815,2.956708703,1
16,16,45,0.677735227,1.002633463,0.259428897,2.612412245,3.864771714,1
17,17,8,1.219795228,1.518895861,0.465414081,2.620881657,3.263536543,1
18,18,100,0.981503328,1.198054185,0.320034894,3.066863479,3.743511122,1
19,19,38,0.605403379,1.363240792,0.176284349,3.434243499,7.733192423,1
20,20,117,0.830712187,0.985286934,0.259283087,3.20388112,3.800043209,1
21,21,55,0.943768496,1.055442804,0.2457863,3.839792926,4.294148226,1
22,22,51,1.023859879,1.314828594,0.393130597,2.604375966,3.344508426,1
23,23,24,0.629306272,0.764571368,0.416629155,1.510471038,1.835136497,1
24,24,426,1.245933107,1.402457498,0.220235208,5.657283947,6.367998608,1
25,25,164,0.925931311,1.015395241,0.196591383,4.709928263,5.165003804,1
26,26,36,1.046733502,1.225147196,0.236869632,4.419027857,5.172242578,1
27,27,119,1.035092414,1.143250093,0.234212217,4.419463796,4.881257296,1
28,28,24,0.971338047,1.083404984,0.210698193,4.610091965,5.141975679,1
29,29,164,0.825859207,0.864158321,0.233410395,3.538228052,3.70231292,1
30,30,48,1.00942883,1.181064019,0.361361603,2.793403675,3.268371651,1
31,31,79,0.965789883,1.202356752,0.187930344,5.139084313,6.397885123,1
32,32,89,0.628015764,0.852223053,0.185926264,3.377767885,4.583661472,1
33,33,37,0.615820425,0.919292835,0.21500471,2.864218302,4.275686961,1
34,34,258,0.067631146,0.654507864,0.259576172,0.26054451,2.521448171,1
35,35,87,0.629457878,0.753736473,0.248110993,2.537001164,3.037900352,1
36,36,16,0.927823344,1.203724659,0.252407208,3.675898766,4.768978939,1
37,37,30,0.693192458,0.83564219,0.297168937,2.332654499,2.812010564,1
38,38,25,0.468608062,1.140302509,0.159852139,2.931509487,7.133482956,1
39,39,254,0.922860851,1.036305175,0.217104666,4.250764704,4.773297572,1
40,40,121,0.81830648,0.938830232,0.239076312,3.4227836,3.926906117,1
41,41,125,0.831218386,0.950516269,0.231356217,3.592807647,4.108453541,1
42,42,33,0.768000428,1.077566589,0.409414511,1.87585053,2.631969703,1
43,43,38,0.445195666,1.097826003,0.265934593,1.674079558,4.128180507,1
44,44,69,0.667491764,0.960901266,0.296566017,2.250735842,3.240092293,1
45,45,129,0.688176205,0.796524584,0.186105864,3.697767442,4.279954252,1
46,46,64,0.870203967,0.981280223,0.417426355,2.084688608,2.350786459,1
47,47,19,0.714438417,0.904797344,0.520552489,1.372461822,1.738148147,1
48,48,22,0.802149999,1.034403993,0.472214157,1.698699599,2.190539986,1
49,49,50,0.700826667,0.8301207,0.415187173,1.687977646,1.99938908,1
50,50,156,0.67569471,0.895979616,0.311474675,2.169340766,2.876572922,1
51,51,127,0.931460842,1.062374576,0.378927433,2.458150983,2.803635956,1
52,52,97,0.887799825,1.303872193,0.147800477,6.00674533,8.821840223,1
53,53,24,1.094913266,1.490142311,0.357625633,3.061618534,4.166765952,1
54,54,7,0.945236248,1.080586115,0.401260682,2.355666255,2.692977816,1
55,55,330,0.991987901,1.377352122,0.194289782,5.10571318,7.089163968,1
56,56,78,0.689038442,1.195250343,0.356341418,1.933646798,3.354227947,1
57,57,148,1.109639549,1.365760604,0.261951694,4.23604647,5.21378802,1
58,58,26,0.604697884,0.838636636,0.407912483,1.48242064,2.055922951,1
59,59,23,0.826761999,1.118469839,0.267447855,3.091301662,4.182010878,1
60,60,68,0.32719365,0.544082068,0.279703451,1.169787675,1.945210422,1
61,61,109,1.103672163,1.251165831,0.10750665,10.26608273,11.63803198,1
62,62,37,0.962024868,1.32027717,0.313262017,3.070991105,4.21460981,1
63,63,238,0.413658142,0.724807336,0.387824204,1.066612496,1.868906913,1
64,64,18,0.469273294,0.684268152,0.214444136,2.188324206,3.190892345,1
65,65,11,1.094295489,1.270788445,0.338720492,3.230674008,3.751731811,1
66,66,54,0.615628642,0.991680789,0.178656063,3.445887208,5.55078161,1
67,67,66,0.759553943,0.920928349,0.243058583,3.124983012,3.788915156,1
68,68,3,0.646224197,0.747361371,0.495111809,1.305208612,1.509479995,1
69,69,86,0.608835938,0.768290304,0.290206902,2.097937485,2.647388118,1
70,70,25,0.63087014,0.913034834,0.372676369,1.692809614,2.449940243,1
71,71,6,1.123789008,1.298194393,0.480065184,2.340909204,2.704204421,1
72,72,88,0.766671232,1.104604532,0.30129336,2.544600492,3.666209345,1
73,73,19,0.824072985,1.048330546,0.377259069,2.18436892,2.778808072,1
74,74,14,0.463589105,0.690068758,0.278719809,1.663280076,2.475851144,1
75,75,57,1.172287147,1.227182507,0.237329012,4.939502074,5.17080696,1
76,76,108,0.757519323,1.022467012,0.304962219,2.483977607,3.352766173,1
77,77,4,0.887001086,1.345535047,0.405470645,2.187583977,3.31845243,1
78,78,80,1.110845209,1.195275265,0.37811929,2.937816817,3.161106287,1
79,79,45,1.097279572,1.09725641,0.33633302,3.262479469,3.262410601,1
80,80,11,0.854146028,1.202475701,0.224715667,3.801007912,5.351098644,1
81,81,10,0.829620949,0.851920561,0.31502146,2.633537882,2.70432548,1
82,82,13,0.964779664,0.980741716,0.193423575,4.987911447,5.070435266,1
83,83,297,1.118045196,1.133334074,0.20062632,5.572774282,5.648980024,1
84,84,236,0.988598068,1.125760214,0.263850124,3.746816766,4.266665473,1
85,85,38,1.193986224,1.599676101,0.317214811,3.763967452,5.042879606,1
86,86,17,0.580986047,1.11578972,0.284999885,2.038548358,3.915053229,1
87,87,107,0.862634599,0.988585317,0.261436611,3.299593715,3.781357604,1
88,88,67,0.675620712,1.042428987,0.2372685,2.847494345,4.393457147,1
89,89,22,1.132887938,1.279160354,0.203434404,5.568811938,6.287827078,1
90,90,17,0.831083796,1.013576519,0.422531756,1.966914401,2.398817378,1
91,91,7,0.657571617,0.786016021,0.42180475,1.558947871,1.863459387,1
92,92,30,0.755823682,1.205034614,0.37635559,2.008270109,3.201851244,1
93,93,18,0.251225336,0.376499481,0.273282434,0.919288269,1.377693676,1
94,94,22,0.471332569,0.648851869,0.244815915,1.925252977,2.650366374,1
95,95,7330,0.654631767,1.000981401,0.266677129,2.454772817,3.753532989,1
96,96,6100,0.847903498,1.079612935,0.262986003,3.224139261,4.105210629,1
97,1,79,0.664124849,0.810765229,0.193768025,3.427422298,4.184205464,2
98,2,41,1.071341825,1.202473168,0.270016572,3.967689156,4.45333099,2
99,3,38,0.531444031,0.840209695,0.253552936,2.095988474,3.313744689,2
100,4,135,0.837086087,0.954885393,0.221305175,3.78249667,4.314790167,2
101,5,23,0.903681407,1.653832817,0.388855383,2.323952417,4.253079395,2
102,6,56,1.318497585,1.50481946,0.335183966,3.933653513,4.489532951,2
103,7,129,0.334325277,1.723644827,0.349210309,0.957375165,4.935836035,2
104,8,66,0.21427399,0.606876028,0.213067016,1.005664762,2.848287076,2
105,9,56,0.556078524,0.749382161,0.232898916,2.387638954,3.217628377,2
106,10,19,0.713363398,0.89470915,0.211024238,3.380480862,4.239840686,2
107,11,25,0.884455615,0.989698824,0.260770329,3.391703414,3.795289241,2
108,12,78,0.710004481,0.630755432,0.151642761,4.682086217,4.159482641,2
109,13,88,0.775940853,0.935003147,0.221981311,3.495523335,4.21208048,2
110,14,214,0.704824355,0.846039909,0.21058073,3.347050581,4.017651136,2
111,15,12,0.707355349,1.579107843,0.354133561,1.997425342,4.45907425,2
112,16,59,0.92482475,1.12004816,0.191893664,4.819464756,5.83681679,2
113,17,7,1.799948517,2.080630252,0.526120612,3.42117088,3.954664015,2
114,18,89,1.103789331,1.217617532,0.274559872,4.020213598,4.434797857,2
115,19,17,0.599903912,0.717867359,0.105638092,5.678859781,6.795535071,2
116,20,213,0.79081678,0.826688776,0.187082118,4.227110473,4.418855125,2
117,21,36,1.075049226,1.212963755,0.203852607,5.273659442,5.950199867,2
118,22,101,0.912698034,1.230501287,0.290502938,3.141785899,4.235761936,2
119,23,70,0.948754254,1.232194089,0.342080536,2.773482131,3.602058461,2
120,24,188,1.113887131,1.298581499,0.19483836,5.716980633,6.664917006,2
121,25,105,0.940863669,1.099324595,0.21388962,4.398828091,5.139681837,2
122,26,9,0.060372009,0.128232026,0.086035648,0.701709234,1.49045226,2
123,27,121,0.975485044,1.122717906,0.223125708,4.371907891,5.031772968,2
124,28,16,1.18904328,1.175053922,0.185879968,6.396833896,6.321573727,2
125,29,149,0.884550783,0.96679902,0.194227567,4.554197929,4.977661178,2
126,30,170,0.721702004,1.087864937,0.233134738,3.095643359,4.666249853,2
127,31,71,0.690026732,0.769663866,0.180219537,3.828812036,4.270701605,2
128,32,55,0.670147133,0.872246667,0.169874784,3.944947669,5.134644745,2
129,33,40,0.367677746,0.681783282,0.171676168,2.141693575,3.971333295,2
130,34,111,0.137491209,0.939803725,0.218123448,0.630336676,4.308586416,2
131,35,158,0.671629419,0.76364548,0.194649614,3.450453383,3.923180038,2
132,36,14,0.282350625,0.684131222,0.241950725,1.166975735,2.827564257,2
133,37,46,0.81978312,0.903729501,0.235104741,3.486884681,3.843944181,2
134,38,49,0.437890477,1.007311943,0.205479329,2.131068264,4.902254392,2
135,39,157,0.87962247,1.038195256,0.174658149,5.036252101,5.944155838,2
136,40,45,0.612520779,0.825257703,0.193387078,3.167330442,4.267388036,2
137,41,74,0.955745835,1.05776439,0.195223414,4.89565168,5.418225039,2
138,42,46,1.015384666,1.003619608,0.211146801,4.80890386,4.753184056,2
139,43,34,0.375439893,0.683210626,0.169172449,2.219273264,4.038545461,2
140,44,118,0.588773444,0.804881832,0.168350304,3.497311437,4.78099423,2
141,45,69,0.88146286,0.941783691,0.182336471,4.834265221,5.165086753,2
142,46,27,0.967028839,1.096580882,0.211481521,4.572639892,5.185232624,2
143,47,50,1.038485589,1.124997199,0.339483647,3.05901506,3.313847983,2
144,48,22,1.203790492,1.63102139,0.419729775,2.868013098,3.885884412,2
145,49,22,0.734872041,0.841715219,0.285831945,2.57099339,2.94479058,2
146,50,339,0.859721942,0.794536483,0.188180284,4.568607953,4.22220897,2
147,51,211,1.009692876,1.08349358,0.251637377,4.012491656,4.305773621,2
148,52,105,0.964906774,1.376183799,0.229463338,4.205058563,5.997401637,2
149,53,34,0.50425227,0.665079044,0.184628677,2.731169818,3.602252125,2
150,54,14,1.352897214,1.844869748,0.467000287,2.896994395,3.950468125,2
151,55,120,0.938641509,1.8499382,0.197893993,4.743153112,9.348127106,2
152,56,34,1.101162342,2.170641711,0.325513847,3.382843317,6.668354453,2
153,57,74,1.220917059,1.68127186,0.28523907,4.280328984,5.894255159,2
154,58,47,0.652551512,0.817936587,0.210507518,3.099896471,3.885545727,2
155,59,42,0.872272369,1.116691805,0.24111808,3.617614943,4.631306806,2
156,60,73,0.630925818,1.082920127,0.303308578,2.080144987,3.570357733,2
157,61,58,0.853158696,0.950118661,0.123423476,6.912450726,7.698038427,2
158,62,98,0.658473504,0.888696388,0.181169591,3.634569691,4.905328665,2
159,63,126,0.504528102,0.861554292,0.285170534,1.769215407,3.021189742,2
160,64,59,0.576776591,1.051685506,0.171676042,3.359680152,6.125988774,2
161,65,70,0.475681276,0.800190649,0.176229665,2.699212281,4.540612666,2
162,66,207,0.360922797,0.627045675,0.196848921,1.833501526,3.18541586,2
163,67,57,0.551334483,0.709261961,0.170840277,3.227192632,4.151608587,2
164,68,4,1.418828119,1.514578431,0.543316091,2.611422969,2.787656129,2
165,69,41,0.540443913,0.757607843,0.22169544,2.437776406,3.417336157,2
166,70,24,0.592221091,0.897696078,0.204915428,2.89007566,4.380812547,2
167,71,14,0.47770681,0.655161388,0.217118417,2.200213212,3.017530236,2
168,72,120,0.644151019,0.958492583,0.205955267,3.12762586,4.65388721,2
169,73,21,0.617677775,1.230968008,0.287834865,2.145944949,4.276646639,2
170,74,28,0.649827942,1.071398459,0.340257539,1.909812031,3.148786834,2
171,75,59,1.262254679,1.294731618,0.189938606,6.645593046,6.816579553,2
172,76,86,0.924474781,1.028305737,0.209336395,4.416216211,4.912216707,2
173,77,7,1.345136339,1.469938375,0.378193048,3.556745281,3.886740866,2
174,78,36,1.373301899,1.545655462,0.247915769,5.539389062,6.234599228,2
175,79,20,1.43463011,1.39472549,0.249117287,5.758854102,5.598670035,2
176,80,57,1.076833896,1.832950802,0.229668313,4.688648086,7.980860651,2
177,81,12,1.251105819,1.372411765,0.215356556,5.809462421,6.37274198,2
178,82,33,1.129688674,1.054408627,0.163578508,6.906094742,6.445887298,2
179,83,155,0.947304741,0.981741144,0.15275029,6.201655928,6.427098397,2
180,84,230,0.635209662,0.653306578,0.164673741,3.857382836,3.967278414,2
181,85,56,0.985899806,1.45615541,0.292668703,3.368654712,4.975439448,2
182,86,14,0.698267024,1.208950089,0.301320816,2.317354086,4.012169173,2
183,87,56,1.159058509,1.1275,0.168361906,6.884327555,6.696883082,2
184,88,87,0.565604436,0.993675275,0.244518477,2.31313577,4.06380445,2
185,89,7,0.506420072,0.612408497,0.223029103,2.270645693,2.74586809,2
186,90,39,0.760048201,1.057548504,0.281328092,2.701643465,3.759128697,2
187,91,7,0.275898173,0.819658263,0.280362398,0.98407695,2.923567029,2
188,92,23,0.492708802,0.853199643,0.232834791,2.116130497,3.664399291,2
189,93,21,0.590259755,1.082756863,0.329732869,1.790115002,3.28373955,2
190,94,13,0.460165861,0.84844385,0.245647297,1.873278747,3.453910791,2
191,95,6655,0.571046877,1.022233418,0.220952586,2.584477001,4.626483159,2
192,96,5782,0.778411799,1.038921537,0.221203634,3.51898287,4.696674813,2
193,1,44,1.215795546,1.165568922,0.315168221,3.857608303,3.698243809,3
194,2,2,0.940329335,1.408464286,0.493460319,1.905582473,2.854260478,3
195,3,5,0.612795649,0.704771429,0.321694326,1.904900396,2.190810879,3
196,4,67,0.764426604,0.82172061,0.320847045,2.382526551,2.561097641,3
197,5,10,1.015218836,1.470682143,0.519273045,1.955077095,2.832194271,3
198,6,111,1.03859553,1.048468897,0.389226288,2.668359159,2.693725808,3
199,7,7,-2.73709611,1.612922619,0.565808547,-4.837495165,2.850650856,3
200,8,84,-3.812417639,1.222599256,0.501413462,-7.603341211,2.438305607,3
201,9,6,0.639026723,0.76081746,0.38396192,1.664297134,1.981491967,3
202,10,6,0.46846492,0.490164683,0.264954639,1.768094801,1.849994719,3
203,11,12,0.979937251,0.917723214,0.362692644,2.701839333,2.530305561,3
204,12,35,0.242983472,1.568657366,0.462120571,0.525801029,3.394476387,3
205,13,69,0.798661057,0.905342478,0.338785722,2.357422422,2.672315919,3
206,14,133,0.998361677,0.925905536,0.31930629,3.126658347,2.899740985,3
207,15,1,1.008980418,1.185345238,0.543139025,1.857683524,2.182397477,3
208,16,69,0.868852048,1.020840511,0.40205718,2.161016122,2.539043106,3
209,17,23,0.892969068,1.261015528,0.481494673,1.854577253,2.618960497,3
210,18,73,1.083640092,0.942215264,0.360247422,3.008043988,2.615467055,3
211,19,1,0.487735736,1.13052381,0.437035468,1.116009505,2.586801056,3
212,20,161,0.969743274,0.953875806,0.310319299,3.124985386,3.073852671,3
213,21,29,1.232021274,1.263768062,0.407182587,3.025721907,3.103688867,3
214,22,50,1.066869633,1.188647143,0.37584504,2.838589097,3.162598988,3
215,23,16,0.566654288,0.947119048,0.309763848,1.829310592,3.057551919,3
216,24,21,1.973141954,1.789946145,0.303516775,6.50093213,5.897354916,3
217,25,41,1.071870328,1.002318987,0.343904786,3.116764791,2.914524682,3
218,26,24,0.692879999,0.680747294,0.243264609,2.84825648,2.798381963,3
219,27,61,1.046014981,1.017169594,0.373727215,2.798872919,2.72168992,3
220,28,16,1.407924025,1.462844494,0.450552866,3.124880856,3.246776581,3
221,29,144,1.133302745,1.150666334,0.364210222,3.111671985,3.15934662,3
222,30,166,1.131723025,0.953740981,0.342529056,3.304020505,2.784408985,3
223,31,17,0.899256507,0.845766106,0.27963879,3.215778853,3.024494942,3
224,32,32,1.291032845,1.191203202,0.337563111,3.824567326,3.528831093,3
225,33,11,0.892700559,1.087254329,0.417348575,2.138980728,2.605146858,3
226,34,39,0.119391061,1.451746599,0.40918313,0.29177904,3.547914106,3
227,35,120,0.51875959,0.532905983,0.271879164,1.908052027,1.96008394,3
228,36,35,0.581328223,0.674167717,0.317480852,1.831065464,2.123490953,3
229,37,20,1.035779854,0.828924405,0.342109322,3.027628268,2.422981052,3
230,38,3,1.606732643,1.575146825,0.258172819,6.223477162,6.101133462,3
231,39,37,0.893759486,0.883092923,0.331471061,2.696342431,2.66416296,3
232,40,41,1.1069969,0.914005655,0.289963076,3.817716776,3.152144982,3
233,41,25,1.591569504,1.519021739,0.314996616,5.052655879,4.822343041,3
234,42,54,0.728332007,0.971905929,0.347408259,2.096472919,2.797590166,3
235,43,8,0.364144643,0.620772321,0.170271562,2.138611044,3.645778037,3
236,44,20,0.78281597,0.90328869,0.303544951,2.578912834,2.975798764,3
237,45,35,0.867960488,0.80105,0.310205642,2.798016446,2.582319247,3
238,46,20,1.384359188,1.17857672,0.361623845,3.828174515,3.259123358,3
239,47,3,0.673982892,0.669267857,0.277737273,2.426692265,2.409715663,3
240,48,6,-0.853230016,1.418734127,0.495339817,-1.722514497,2.864163304,3
241,49,5,1.87219765,1.608857143,0.497625165,3.762264816,3.233070303,3
242,50,13,2.012643477,1.862725108,0.34581042,5.820077594,5.386549972,3
243,51,227,1.027172508,1.013561958,0.360528247,2.849076365,2.811324678,3
244,52,21,0.762732626,1.285145125,0.438566952,1.739147517,2.930328241,3
245,53,33,1.008483797,0.859468975,0.279223222,3.611747584,3.078071261,3
246,54,,,,,,,3
247,55,3,1.711187551,1.569801587,0.578323349,2.958876819,2.71440119,3
248,56,2,0.326742042,1.137755952,0.445923619,0.73273096,2.551459271,3
249,57,24,0.443703086,0.888644841,0.402034551,1.103644165,2.21036933,3
250,58,32,0.498364443,0.606811384,0.295370313,1.687252988,2.054408846,3
251,59,17,0.366096972,0.871492997,0.314275047,1.16489354,2.773026383,3
252,60,27,0.329869291,0.954960317,0.389753782,0.846353022,2.450163054,3
253,61,2,0.873186207,0.987327381,0.342539427,2.549155334,2.882375876,3
254,62,49,0.992123705,0.882005952,0.30461627,3.256962291,2.895465669,3
255,63,26,0.453151991,0.694907029,0.366589252,1.236130053,1.895601208,3
256,64,10,1.084862907,1.306736905,0.382816102,2.833900928,3.413484695,3
257,65,51,0.661207741,1.197418155,0.35681229,1.853096879,3.355876993,3
258,66,35,0.642150051,1.136059874,0.345899367,1.856464951,3.284365288,3
259,67,54,0.880189772,0.839769317,0.304614224,2.889522886,2.756828969,3
260,68,,,,,,,3
261,69,101,0.532237573,0.557471574,0.26226402,2.029396074,2.125612099,3
262,70,28,0.795606235,0.800875,0.298999978,2.660890614,2.678511903,3
263,71,15,0.49296115,0.702352891,0.325845624,1.512867179,2.155477439,3
264,72,157,0.462169969,0.810156136,0.345907605,1.336108146,2.342117156,3
265,73,34,0.532445979,0.816917749,0.337148261,1.579263608,2.423022283,3
266,74,52,0.554673006,0.556413399,0.290659589,1.908325156,1.914312894,3
267,75,35,1.14083501,1.098969278,0.286895293,3.97648563,3.830558761,3
268,76,114,0.707722197,0.721599528,0.281463162,2.514439871,2.563744125,3
269,77,7,1.220946488,1.333865646,0.446273903,2.735867995,2.988894571,3
270,78,21,1.818254454,1.478840136,0.385853067,4.712297528,3.832650982,3
271,79,39,1.487784999,1.411586691,0.355773765,4.181828863,3.967652564,3
272,80,32,0.413179563,0.871443452,0.339962657,1.215367495,2.563350515,3
273,81,3,0.956129371,1.002019841,0.355234689,2.691542804,2.820726331,3
274,82,18,1.998925515,1.601799603,0.383362206,5.214195566,4.178292951,3
275,83,103,1.758404449,1.445271296,0.293815442,5.984724413,4.918976641,3
276,84,124,1.63004055,1.300105718,0.279953225,5.822546069,4.644010506,3
277,85,47,0.838914895,1.300079281,0.464782833,1.804961017,2.797175775,3
278,86,6,0.831991622,1.2005,0.423137771,1.966242862,2.837137411,3
279,87,19,1.793143368,1.252685464,0.359970215,4.981365938,3.479969764,3
280,88,7,0.852668559,1.077126984,0.341756212,2.494961405,3.151740762,3
281,89,1,1.067708037,1.124892857,0.437035468,2.443069534,2.573916625,3
282,90,13,0.795625072,0.9033837,0.392503134,2.027054063,2.301596145,3
283,91,20,0.466259738,0.720518797,0.42348874,1.100996778,1.701388323,3
284,92,39,0.488742765,0.64741886,0.327672322,1.491559502,1.97581186,3
285,93,,,,,,,3
286,94,,,,,,,3
287,95,3679,0.842140605,0.995815363,0.3429632,2.455483868,2.903563307,3
288,96,3481,0.802834834,0.975384912,0.336903461,2.382981851,2.895146606,3
289,1,70,1.28769394,1.309992821,0.174243293,7.390206632,7.518182183,4
290,2,61,1.141597427,1.288743126,0.182821123,6.244340964,7.049202548,4
291,3,81,0.502545072,0.910043621,0.224804656,2.235474483,4.048152904,4
292,4,899,0.705997619,0.792343992,0.159277903,4.432489412,4.974600852,4
293,5,78,1.067468974,1.22781021,0.251706488,4.240927527,4.877944227,4
294,6,395,1.178267022,1.225989245,0.205665753,5.729038525,5.961076295,4
295,7,465,0.395124153,0.643526914,0.228351275,1.730334778,2.818144606,4
296,8,87,0.305284172,0.606136937,0.183098439,1.667322638,3.310442952,4
297,9,121,0.793550271,0.749891033,0.159477194,4.975948293,4.702183517,4
298,10,36,0.49160605,0.544950694,0.177974656,2.762225032,3.06195672,4
299,11,60,1.00801946,1.084188492,0.211993438,4.754955955,5.114254961,4
300,12,392,0.493694184,0.87037004,0.185291013,2.664425956,4.697313841,4
301,13,225,0.813598083,0.917256584,0.167182282,4.866532947,5.486565759,4
302,14,194,0.953084056,1.000104022,0.170826436,5.579253879,5.854503819,4
303,15,30,1.130445322,1.138157143,0.205157233,5.5101412,5.547731008,4
304,16,585,0.915033646,1.034862807,0.187172843,4.888709448,5.528915362,4
305,17,41,1.265204286,1.442208772,0.239163455,5.290123802,6.030222184,4
306,18,440,0.952321445,1.107044878,0.192178717,4.955394957,5.760496767,4
307,19,108,1.098159223,1.366959439,0.183659908,5.979308361,7.442884263,4
308,20,411,1.015614346,1.033513362,0.180015247,5.641824031,5.741254584,4
309,21,203,1.233555693,1.196544274,0.251131604,4.911989065,4.764610487,4
310,22,529,0.798538733,1.013874545,0.196410898,4.065653896,5.162007584,4
311,23,238,0.450113702,0.775455809,0.207655127,2.167602159,3.734344633,4
312,24,156,1.157322127,1.145724035,0.179494245,6.44768375,6.383068354,4
313,25,576,0.988271063,1.009528119,0.184648409,5.352177517,5.467299309,4
314,26,85,0.811813374,0.893895442,0.171540172,4.732497145,5.210997701,4
315,27,529,1.036199731,1.196985005,0.18959503,5.465331716,6.313377545,4
316,28,92,1.022075593,1.188160988,0.200244852,5.104129185,5.933540743,4
317,29,735,1.281698882,1.266033733,0.225446086,5.685168035,5.615682913,4
318,30,694,0.856467893,1.146948072,0.194474136,4.404019531,5.897689511,4
319,31,164,1.067591561,1.123186202,0.161416175,6.613906944,6.958324976,4
320,32,98,1.376335435,1.473408395,0.17499839,7.864846273,8.419554003,4
321,33,270,0.698894174,0.884672046,0.164696296,4.243533041,5.371535775,4
322,34,536,0.388346131,0.691194033,0.165560027,2.345651535,4.174884756,4
323,35,854,0.662184296,0.762335155,0.158399008,4.180482594,4.812752079,4
324,36,59,0.410143109,0.576476253,0.13515334,3.03465019,4.265349661,4
325,37,202,1.010440544,0.990762119,0.17764866,5.687859084,5.577087488,4
326,38,77,0.694075367,1.061740196,0.178729594,3.883382438,5.940483455,4
327,39,164,1.05896065,1.047767816,0.179041384,5.914613852,5.852098507,4
328,40,109,1.170575748,1.224442361,0.183100023,6.39309449,6.687286768,4
329,41,56,1.084241248,1.115137116,0.166479268,6.512770394,6.698354272,4
330,42,36,0.980001635,1.381097778,0.237499857,4.126325158,5.81515204,4
331,43,90,0.616761007,0.658975499,0.172730848,3.570647711,3.815042343,4
332,44,411,0.737538843,0.844832425,0.182255305,4.046734569,4.635433932,4
333,45,235,0.87267612,0.881480212,0.158291816,5.513084262,5.56870364,4
334,46,53,1.14238318,1.201139953,0.196629243,5.809833585,6.108653701,4
335,47,154,0.505602408,0.566721005,0.159556179,3.168804936,3.551858716,4
336,48,63,0.626271173,0.766100195,0.260887389,2.400542147,2.936516778,4
337,49,141,0.442769223,0.454857568,0.177177136,2.499020096,2.567247548,4
338,50,333,0.243797973,0.745055821,0.146608378,1.662919789,5.081945733,4
339,51,674,1.111265506,1.159404907,0.193058711,5.756101345,6.00545244,4
340,52,290,1.041883222,1.353980846,0.187342858,5.561371452,7.227288302,4
341,53,67,0.71208172,0.7442051,0.146934951,4.846237842,5.064860981,4
342,54,23,0.867220985,1.195854545,0.293835867,2.951378925,4.069804538,4
343,55,135,1.491421381,1.971384602,0.213006163,7.001775725,9.255058982,4
344,56,86,1.005217329,1.609503704,0.245463058,4.095187836,6.557009911,4
345,57,243,0.899390865,1.213296743,0.206308887,4.359438306,5.880971783,4
346,58,279,0.667041443,0.740874389,0.156150917,4.271774102,4.744604792,4
347,59,191,0.570985034,0.815664184,0.169909901,3.360516551,4.800568885,4
348,60,370,0.494162711,0.81299818,0.183942334,2.686508867,4.419853561,4
349,61,100,1.079295975,1.326545626,0.139567661,7.733137943,9.504677634,4
350,62,162,0.874584807,0.831554436,0.148129621,5.904185812,5.613694482,4
351,63,81,0.466127593,0.676125926,0.274977742,1.695146633,2.458838745,4
352,64,638,0.702993087,1.086344769,0.202250331,3.475856298,5.371287966,4
353,65,280,0.760510273,1.04656399,0.21864588,3.47827397,4.786570824,4
354,66,279,0.541979989,0.875177191,0.186117569,2.91203024,4.702281443,4
355,67,121,0.940633395,0.984651092,0.19490867,4.82602131,5.051858863,4
356,68,30,0.972413777,0.938630651,0.279586804,3.478038887,3.357206555,4
357,69,98,1.004337806,1.130410278,0.174568523,5.753258311,6.475453069,4
358,70,78,0.682909697,0.977304,0.191875387,3.559131306,5.093430769,4
359,71,13,1.060226623,1.17759596,0.187618041,5.650984401,6.276560366,4
360,72,523,0.646221161,0.878699269,0.151462261,4.266549016,5.801440327,4
361,73,137,0.926719579,1.200595004,0.230586536,4.018966567,5.206700377,4
362,74,60,0.752311257,0.889518519,0.193714517,3.883608049,4.591904276,4
363,75,28,1.39251902,1.525006838,0.203603198,6.839376953,7.490092754,4
364,76,158,0.896197209,1.040281954,0.192756669,4.649370702,5.396866212,4
365,77,69,0.840693532,0.96468642,0.208991907,4.022612859,4.615903237,4
366,78,389,1.332910262,1.371983066,0.260305368,5.120563867,5.270667588,4
367,79,151,1.080817131,1.225799387,0.22917828,4.716053945,5.348671728,4
368,80,219,0.684487933,1.029809995,0.191881229,3.567248013,5.366913691,4
369,81,63,0.874689852,0.904597701,0.181135831,4.828916768,4.994029596,4
370,82,54,1.685926527,1.590899556,0.214307168,7.866869514,7.423454712,4
371,83,150,1.317704451,1.321971614,0.187471277,7.028833813,7.051595504,4
372,84,309,1.346662677,1.287238209,0.185671883,7.25291657,6.932865592,4
373,85,518,0.684247956,1.107077687,0.19015653,3.598340565,5.821928319,4
374,86,62,0.785275148,1.018718889,0.227422659,3.452932752,4.479408048,4
375,87,268,1.27061316,1.258032611,0.199760858,6.360671316,6.29769327,4
376,88,116,0.699870448,0.860788379,0.179343988,3.902391464,4.799650039,4
377,89,29,0.340235084,0.336784674,0.134781394,2.524347569,2.49874752,4
378,90,141,0.823131357,1.135536296,0.208062333,3.956176717,5.457673571,4
379,91,11,1.534870174,1.725367677,0.280316147,5.47549683,6.155077742,4
380,92,95,0.711167352,0.88389098,0.185118942,3.841677917,4.774719272,4
381,93,13,0.318744945,0.814255556,0.198024074,1.609627248,4.111901849,4
382,94,56,1.032350693,1.287867078,0.221922326,4.651855951,5.803233506,4
383,95,20578,0.761923895,1.014410481,0.189549438,4.019657894,5.351693425,4
384,96,18286,0.85232445,1.058904191,0.191526362,4.450167805,5.528764713,4
385,1,30,1.73237295,1.866842146,0.217996392,7.946796432,8.563637815,5
386,2,18,1.77979833,1.869379085,0.248584757,7.159724317,7.520087344,5
387,3,17,0.816103233,1.376831373,0.21602336,3.777847143,6.373530034,5
388,4,194,1.440203744,1.493438112,0.179628455,8.01768152,8.314039733,5
389,5,31,2.017721722,1.81403908,0.253309272,7.965447557,7.161360757,5
390,6,103,1.829603711,1.791379152,0.201481748,9.080741702,8.891024471,5
391,7,22,0.944731803,1.802721637,0.435573253,2.168938972,4.138733553,5
392,8,20,0.600527227,1.329016667,0.242424642,2.477170727,5.482184715,5
393,9,42,1.486873979,1.302378363,0.210750798,7.055128584,6.17970786,5
394,10,4,1.107273524,1.066344444,0.205586812,5.38591709,5.186832918,5
395,11,7,1.831448268,1.700736508,0.25017734,7.32060013,6.798123715,5
396,12,71,1.304435601,2.039972569,0.256464607,5.086220731,7.954206987,5
397,13,43,1.365689429,1.430353388,0.17770124,7.685311759,8.049203191,5
398,14,63,1.657358241,1.738466667,0.19882868,8.335609535,8.743540756,5
399,15,11,1.814451954,1.623832099,0.206023758,8.807003481,7.881771087,5
400,16,174,1.487458874,1.573789384,0.185377337,8.023952106,8.489653641,5
401,17,8,2.844908783,2.945219444,0.331911427,8.571289061,8.873510233,5
402,18,141,1.364196808,1.513663542,0.181153296,7.530620958,8.355705225,5
403,19,48,1.248006633,1.649139007,0.190250699,6.559800512,8.668241513,5
404,20,100,1.771730617,1.827222955,0.180056833,9.83984105,10.14803451,5
405,21,42,1.515038759,1.741947009,0.209209839,7.241718489,8.326314944,5
406,22,126,1.246561529,1.553891257,0.230064472,5.41831391,6.754155666,5
407,23,24,0.803377403,1.700858937,0.329358362,2.439219694,5.164158963,5
408,24,35,1.512176957,1.483333987,0.220925031,6.844751588,6.714196125,5
409,25,197,1.51540238,1.517670991,0.210055509,7.214294864,7.22509492,5
410,26,13,1.351822254,1.59508,0.229561555,5.888713614,6.948376003,5
411,27,207,1.663928138,1.632438683,0.185178882,8.985517788,8.815468942,5
412,28,34,1.414283219,1.465562745,0.193361321,7.314199199,7.579399734,5
413,29,212,1.71410159,1.698555439,0.211886787,8.089704951,8.016334869,5
414,30,142,1.380395923,1.693019234,0.211177754,6.536654059,8.017034001,5
415,31,48,1.736273923,1.793131313,0.165003819,10.52262871,10.86721098,5
416,32,48,1.754284218,1.870343386,0.198074359,8.856695165,9.442632532,5
417,33,53,1.430597654,1.608325778,0.209027642,6.844059669,7.694321012,5
418,34,56,1.091249828,1.685824537,0.203821461,5.353949591,8.27108455,5
419,35,152,1.363043254,1.400499061,0.179327292,7.600868999,7.80973741,5
420,36,9,1.245431941,1.048966667,0.126239107,9.865658677,8.309363809,5
421,37,68,1.801429617,1.554419829,0.193085629,9.329692876,8.050416994,5
422,38,25,1.065584073,1.690704348,0.228058869,4.672407952,7.413455813,5
423,39,40,1.888648278,1.838608254,0.203960596,9.259868402,9.014526777,5
424,40,44,1.810081258,1.873089444,0.202925959,8.919909837,9.23040824,5
425,41,11,1.558958226,1.543982716,0.182997312,8.519022543,8.437187952,5
426,42,5,1.096571552,1.077866667,0.087726569,12.49987962,12.2866616,5
427,43,8,1.679955726,1.634762963,0.223923472,7.502365479,7.30054312,5
428,44,86,1.618346576,1.834365462,0.243499242,6.646207861,7.533351837,5
429,45,60,1.624803763,1.629419955,0.155251062,10.46565313,10.49538685,5
430,46,9,2.683541859,2.568011111,0.183177468,14.64995607,14.01925214,5
431,47,4,0.912130353,0.990861111,0.261789992,3.484206353,3.784946489,5
432,48,5,1.963105091,2.546662222,0.50886307,3.857825822,5.004611991,5
433,49,3,2.600534508,2.865325926,0.499410851,5.207204654,5.737412233,5
434,50,34,0.301521774,1.452841077,0.168887997,1.785335722,8.602393911,5
435,51,251,1.536269898,1.572164286,0.190940385,8.045809158,8.233796564,5
436,52,99,1.357211832,1.783688889,0.198079545,6.851852531,9.004912087,5
437,53,12,1.149396885,1.122967677,0.147427221,7.796368117,7.617098589,5
438,54,5,1.544203013,2.114804444,0.382874194,4.033186454,5.523496953,5
439,55,20,2.059554661,2.813244444,0.202345715,10.17839523,13.90315799,5
440,56,13,1.359995309,1.947683761,0.249242679,5.456510555,7.814407102,5
441,57,50,1.581478479,1.714576812,0.206618394,7.654103049,8.298277703,5
442,58,57,1.451284654,1.556799129,0.163475585,8.877684419,9.523129273,5
443,59,45,1.110156126,1.389364141,0.181748587,6.108196737,7.644428845,5
444,60,77,0.980761121,1.560840351,0.237769929,4.124832459,6.564498537,5
445,61,25,1.395214652,1.650337963,0.135997894,10.25909013,12.13502588,5
446,62,48,1.573809698,1.406788333,0.170631226,9.223456544,8.244612466,5
447,63,2,0.952376375,1.200222222,0.437170825,2.17849939,2.745430741,5
448,64,200,1.094213944,1.660435809,0.251713106,4.347067822,6.596540941,5
449,65,80,1.267334179,1.641910833,0.27882701,4.545234622,5.88863623,5
450,66,69,1.222474432,1.40633068,0.205029367,5.962435771,6.859167058,5
451,67,45,1.273183974,1.303040404,0.175717442,7.245632305,7.415543893,5
452,68,1,3.016245835,2.475333333,0.556776436,5.417337444,4.445829911,5
453,69,31,1.60589789,1.765232407,0.189069408,8.493695022,9.336425314,5
454,70,21,1.354661902,1.888088889,0.219203492,6.179928473,8.613406984,5
455,71,3,1.314269411,1.616622222,0.128750343,10.20789056,12.55625565,5
456,72,130,1.318355089,1.607017563,0.183394739,7.18862,8.762615393,5
457,73,66,1.304904449,1.507469581,0.215435249,6.057061021,6.997320949,5
458,74,17,1.363186802,1.633465185,0.212095382,6.427234715,7.70155941,5
459,75,3,1.922652572,1.871414815,0.187347859,10.26247421,9.988984262,5
460,76,56,1.327873781,1.493423556,0.193998062,6.844778587,7.698136469,5
461,77,12,1.630613868,1.618758333,0.191073554,8.53395896,8.471911989,5
462,78,62,1.689226732,1.802907937,0.218929393,7.715851711,8.235111386,5
463,79,10,1.569234594,2.035577778,0.250959189,6.252947344,8.111190453,5
464,80,47,1.153556275,1.510148309,0.222351754,5.187979202,6.791708551,5
465,81,25,1.17854626,1.170637374,0.179081971,6.581043608,6.536880108,5
466,82,16,2.243618658,2.178545299,0.223097398,10.05667784,9.764996448,5
467,83,50,1.876764119,1.889350505,0.199379816,9.413009583,9.476137269,5
468,84,91,1.973701425,1.877055833,0.194399623,10.1528048,9.655655726,5
469,85,95,0.942091872,1.422961364,0.178174573,5.287465302,7.986332393,5
470,86,6,1.408884871,1.556755556,0.212891495,6.617854183,7.312436582,5
471,87,93,1.693344059,1.679036585,0.18482909,9.161675034,9.084265821,5
472,88,18,1.100025824,1.623724444,0.265680263,4.140412283,6.111573459,5
473,89,,,,,,,5
474,90,51,1.351038674,1.681261574,0.237623974,5.685616024,7.075302823,5
475,91,6,1.273823077,1.319540741,0.230959478,5.515353116,5.713299807,5
476,92,18,1.404699823,1.577068056,0.220373989,6.374163437,7.156325768,5
477,93,4,1.931044059,1.783088889,0.301119137,6.412890518,5.921539583,5
478,94,31,1.433650683,1.657828674,0.233592086,6.137411191,7.097109763,5
479,95,5008,1.237795988,1.632632144,0.205806598,6.014364942,7.932846468,5
480,96,4751,1.382098604,1.640927807,0.205386961,6.729242208,7.989444912,5
481,1,3,0.312726309,0.317177778,0.187272117,1.66990321,1.693673266,6
482,2,4,1.165709543,1.166733333,0.191340546,6.092328924,6.097679543,6
483,3,6,0.367323621,0.758644444,0.170169059,2.158580552,4.458180873,6
484,4,314,0.518969586,0.688652969,0.157058792,3.304301397,4.384682705,6
485,5,12,1.301973159,1.380087037,0.276557284,4.707788349,4.990239335,6
486,6,95,1.21322757,1.245990476,0.218869655,5.543151106,5.692842509,6
487,7,40,1.400432047,1.876316239,0.348183453,4.02210971,5.388872512,6
488,8,1,19.3389121,1.843111111,0.223606798,86.48624406,8.242643459,6
489,9,19,0.676930757,0.698467836,0.144363392,4.68907489,4.838261462,6
490,10,3,0.156778296,0.200066667,0.04472136,3.505669229,4.473626629,6
491,11,15,1.112593051,1.14725641,0.160232698,6.943608046,7.159939415,6
492,12,163,0.213250934,0.490020283,0.122770634,1.736986504,3.991347662,6
493,13,44,0.82758285,0.98054832,0.165720366,4.993851206,5.916884832,6
494,14,21,0.34411533,0.350485185,0.120432936,2.857319117,2.910210418,6
495,15,7,1.234572617,1.318546032,0.241148435,5.119554753,5.467777686,6
496,16,126,0.973713892,1.021911676,0.18188151,5.353561736,5.618557246,6
497,17,12,1.169088916,1.341830303,0.249125797,4.692765381,5.386155585,6
498,18,128,0.923101048,1.030559745,0.194677421,4.741695485,5.293678844,6
499,19,5,1.584515423,1.288533333,0.365531512,4.334825783,3.525095076,6
500,20,104,0.613122388,0.601329068,0.13892191,4.413431894,4.328540171,6
501,21,10,0.138343601,0.155142222,0.095245985,1.452487484,1.628858392,6
502,22,88,1.119027725,1.200371242,0.204692849,5.466862814,5.864255873,6
503,23,13,0.916595922,1.247894017,0.219231341,4.180952948,5.692133302,6
504,24,8,0.791435233,0.806577778,0.174090741,4.546107555,4.633088316,6
505,25,132,0.770557353,0.82918916,0.169144965,4.555603252,4.902239685,6
506,26,19,0.500583998,0.96888366,0.165498902,3.024696792,5.854320774,6
507,27,82,0.996270613,1.122496011,0.183320182,5.43459319,6.123144756,6
508,28,7,0.98004087,1.158485714,0.211668018,4.630084789,5.473125912,6
509,29,22,0.486609983,0.511906878,0.137743054,3.532736999,3.716389779,6
510,30,121,0.782642781,1.376835708,0.199937591,3.914435385,6.886327384,6
511,31,55,0.46349654,0.67035304,0.13369254,3.466884092,5.014139458,6
512,32,5,1.2047173,1.338875556,0.210887235,5.712613662,6.348774766,6
513,33,39,0.671725664,0.853504127,0.168378982,3.989367652,5.068946948,6
514,34,187,0.335238634,0.670446928,0.158543127,2.114494904,4.228798439,6
515,35,163,1.056999236,1.102558689,0.183576312,5.757819319,6.005996509,6
516,36,15,0.957322329,0.289985185,0.104608603,9.151468443,2.772096909,6
517,37,26,0.782813682,0.798064889,0.177182799,4.418113306,4.504189422,6
518,38,15,0.895296451,1.005682051,0.148843519,6.015018036,6.756639844,6
519,39,7,0.328961537,0.473114286,0.129178256,2.546570509,3.662491666,6
520,40,11,0.538449212,0.531007407,0.124623023,4.320623904,4.260909375,6
521,41,12,0.92793487,1.019961111,0.143001157,6.489002534,7.132537473,6
522,42,1,-0.271654626,-0.2658,,,,6
523,43,17,0.569812881,0.605779365,0.201467688,2.828309027,3.006831373,6
524,44,53,0.567770356,0.647439556,0.168769511,3.364176104,3.836235302,6
525,45,32,0.483060642,0.486975,0.125766951,3.840918763,3.872042664,6
526,46,15,0.867586537,0.882814286,0.186849043,4.643248492,4.724746094,6
527,47,1,0.677765391,1.116733333,0.223606798,3.03105897,4.994183285,6
528,48,2,0.956530669,0.955444444,0.109544512,8.731890363,8.721974534,6
529,49,0,,0,0,,,6
530,50,72,0.243693601,0.5233625,0.117150496,2.080175579,4.467437338,6
531,51,131,0.977810399,0.981765375,0.196080879,4.986770786,5.006940911,6
532,52,29,0.859173118,1.060042735,0.231625312,3.709323091,4.576540991,6
533,53,13,0.2823421,0.276883333,0.131050044,2.154460166,2.112806105,6
534,54,0,,0,0,,,6
535,55,11,1.730447053,1.795105051,0.303769582,5.696577786,5.909429901,6
536,56,8,1.279234141,1.524780952,0.221215198,5.782758837,6.89274953,6
537,57,23,1.045381852,1.288096618,0.191104962,5.470197323,6.740257315,6
538,58,64,0.614811113,0.775288136,0.1652705,3.720029364,4.691025537,6
539,59,52,0.374041532,0.640296444,0.144913978,2.581128041,4.418458818,6
540,60,36,0.8896943,1.256082353,0.250839484,3.546867049,5.007514499,6
541,61,2,0.842089927,1.340122222,0.181129136,4.649113588,7.398711503,6
542,62,17,0.541345128,0.582252778,0.146472796,3.695874886,3.975159852,6
543,63,0,,0,0,,,6
544,64,104,0.614389001,0.913932233,0.171629897,3.579731806,5.325017663,6
545,65,18,0.854544989,1.497388889,0.228099885,3.746363086,6.564619219,6
546,66,19,0.170425181,0.200847953,0.134875361,1.263575349,1.489137464,6
547,67,15,0.523824716,0.994721481,0.169700211,3.086765259,5.861639624,6
548,68,0,,0,0,,,6
549,69,8,0.799483236,0.926211111,0.203523971,3.928201831,4.550869887,6
550,70,2,0.622559963,0.9413,0.122200795,5.094565569,7.702895877,6
551,71,0,,0,0,,,6
552,72,143,0.394340657,0.612174014,0.112914417,3.492385359,5.421575298,6
553,73,5,0.846494759,1.080072222,0.217868065,3.885354923,4.957460021,6
554,74,3,0.314872125,0.313244444,0.088631548,3.552596477,3.534231897,6
555,75,5,0.854213719,0.881511111,0.178537556,4.78450438,4.937398779,6
556,76,15,0.707313834,0.803717172,0.171395701,4.126788653,4.689249306,6
557,77,15,1.134991347,1.306649206,0.228570183,4.965614203,5.716621428,6
558,78,8,1.113122054,1.721261111,0.170840352,6.515568722,10.07526086,6
559,79,0,,0,0,,,6
560,80,15,0.960231592,1.245317037,0.234153547,4.100862893,5.318377846,6
561,81,13,0.9311848,0.956623932,0.186480237,4.993477136,5.129894446,6
562,82,1,1.760644444,1.760644444,0.118321596,14.88016139,14.88016139,6
563,83,12,0.400021578,0.409487037,0.138083981,2.896944128,2.965492695,6
564,84,66,0.98488903,0.959064903,0.156199147,6.305341926,6.140013703,6
565,85,159,0.591976592,1.130265026,0.181655175,3.258792885,6.222035932,6
566,86,5,0.70181352,1.576706667,0.266161035,2.636800385,5.923882386,6
567,87,21,0.921184117,1.142857143,0.224105963,4.110484634,5.099628442,6
568,88,8,0.466959014,0.557636111,0.19868387,2.350261317,2.806650137,6
569,89,5,1.384498413,1.384631111,0.25271357,5.478528173,5.479053266,6
570,90,19,0.532061284,1.181603704,0.269758437,1.972361978,4.380228908,6
571,91,2,1.333260276,1.346533333,0.244530435,5.452328567,5.506608341,6
572,92,7,0.262773131,0.285247619,0.090134664,2.915339335,3.16468278,6
573,93,0,,0,0,,,6
574,94,1,0.801824129,0.809488889,0.137840488,5.817043603,5.872649617,6
575,95,3432,0.718397218,0.895947748,0.17427917,4.122106031,5.140876836,6
576,96,2947,0.796592138,0.933844692,0.178296049,4.467805884,5.237607317,6
577,1,251,0.896416696,1.068896379,0.20272417,4.42185407,5.272663733,7
578,2,222,0.979647749,1.122518135,0.250434239,3.911796376,4.482287005,7
579,3,158,0.533356407,0.865006788,0.241749924,2.206231952,3.578105729,7
580,4,1171,0.713568224,0.815214397,0.180480246,3.953719258,4.516917586,7
581,5,128,0.802113013,1.268303021,0.30748513,2.608623751,4.124762134,7
582,6,642,1.110363139,1.198022254,0.257884132,4.305666775,4.645583444,7
583,7,623,0.364245026,0.884488698,0.271050842,1.343825473,3.263183731,7
584,8,889,0.448960342,0.568976175,0.28258476,1.588763462,2.013470843,7
585,9,223,0.623268343,0.731475134,0.190026694,3.279898892,3.849328316,7
586,10,103,0.640827502,0.74297837,0.188001321,3.408632973,3.951984837,7
587,11,142,0.75504793,1.018473324,0.272867237,2.767089,3.732486667,7
588,12,569,0.374983421,0.907368591,0.214222498,1.750439028,4.23563631,7
589,13,434,0.783823073,0.918855281,0.228429647,3.431354394,4.02248698,7
590,14,772,0.806170865,0.935255999,0.232449946,3.468148212,4.023472645,7
591,15,63,0.781779661,1.154005599,0.291753356,2.679590981,3.955414994,7
592,16,774,0.894348405,1.039489843,0.212883227,4.201121985,4.882910963,7
593,17,81,1.1773425,1.427439415,0.361969139,3.252604636,3.943538996,7
594,18,731,0.978331574,1.109558777,0.237376147,4.121440111,4.674263994,7
595,19,278,0.838585482,1.140816525,0.157309122,5.330812808,7.252068478,7
596,20,929,0.893522748,0.96465488,0.215359182,4.148988398,4.47928373,7
597,21,327,1.119274684,1.188223062,0.260439205,4.297642836,4.562381697,7
598,22,757,0.833212098,1.06843361,0.236259769,3.526677866,4.522283309,7
599,23,356,0.627330922,0.865377971,0.253087444,2.478712146,3.419284487,7
600,24,884,1.156101691,1.284826217,0.201089097,5.749201268,6.389338041,7
601,25,971,0.918185455,1.011619857,0.19379988,4.737801978,5.219919935,7
602,26,174,0.7637675,0.871568804,0.189506694,4.030292988,4.59914521,7
603,27,856,1.018000189,1.147949659,0.212984529,4.779690776,5.389826502,7
604,28,153,1.083442341,1.186349009,0.2267761,4.777586088,5.231367014,7
605,29,1239,1.12900988,1.146520114,0.238774836,4.728345327,4.801678993,7
606,30,1118,0.844316918,1.090744437,0.234456281,3.60116997,4.652229543,7
607,31,353,0.879487236,1.040922945,0.17940787,4.902166423,5.801991546,7
608,32,306,0.884552123,1.07976521,0.187723398,4.711997183,5.751894657,7
609,33,388,0.623767175,0.867394662,0.180134574,3.462784302,4.815259185,7
610,34,1016,0.102617634,0.735044747,0.213245699,0.481217838,3.446938205,7
611,35,1275,0.63810642,0.73511777,0.181347576,3.518692855,4.053639901,7
612,36,128,0.482512291,0.68681001,0.223024734,2.163492285,3.079523951,7
613,37,307,0.910847026,0.936579885,0.208697813,4.364430144,4.48773215,7
614,38,179,0.598019832,1.008564663,0.184671522,3.2382894,5.461397903,7
615,39,677,0.910534979,1.01521871,0.196953906,4.623086676,5.154600539,7
616,40,334,0.866765979,0.990767781,0.21807356,3.974649558,4.543273293,7
617,41,322,0.914642376,1.022107339,0.207184001,4.414638059,4.933331406,7
618,42,173,0.828388322,1.073275022,0.300038681,2.760938419,3.577122184,7
619,43,192,0.441305483,0.735871401,0.202018737,2.18447798,3.64258985,7
620,44,658,0.644754352,0.836061943,0.196220084,3.285873388,4.260837759,7
621,45,494,0.803420654,0.868089868,0.179009341,4.488149329,4.849411004,7
622,46,186,0.925196013,1.039777643,0.293619714,3.151001004,3.541239206,7
623,47,233,0.618380998,0.712636751,0.234938995,2.632091784,3.03328424,7
624,48,123,1.111165976,1.024224375,0.36623609,3.034015506,2.796623279,7
625,49,227,0.539946989,0.608407136,0.261252619,2.066762013,2.328807797,7
626,50,1013,0.532272046,0.807144546,0.195958535,2.716248344,4.118955809,7
627,51,1270,1.031299363,1.097782811,0.251790803,4.095857953,4.359900353,7
628,52,1517,0.917831052,1.258820727,0.14550782,6.307778181,8.651223879,7
629,53,159,0.724925629,0.858357552,0.22088765,3.281874876,3.885946326,7
630,54,49,1.080350904,1.392412113,0.393472602,2.745682668,3.538777811,7
631,55,964,1.12480407,1.563955131,0.201558565,5.580532239,7.75930872,7
632,56,210,0.899761731,1.530286166,0.319866079,2.812932632,4.784146449,7
633,57,544,0.995634054,1.31383624,0.248355104,4.008913198,5.290151959,7
634,58,395,0.57135245,0.732371756,0.192923658,2.961546842,3.796173904,7
635,59,296,0.642806371,0.923117282,0.204966873,3.136147622,4.503738914,7
636,60,569,0.461696637,0.808640415,0.226344879,2.039792721,3.572603094,7
637,61,961,1.008244485,1.187269314,0.114518584,8.804199716,10.36748161,7
638,62,364,0.788668157,0.907209637,0.200792593,3.92777515,4.518142943,7
639,63,527,0.418801281,0.72215673,0.339590415,1.233254126,2.126552158,7
640,64,746,0.68163578,1.06042062,0.20187339,3.376550919,5.252899453,7
641,65,420,0.675112642,1.017441881,0.231876025,2.911524132,4.387870117,7
642,66,606,0.486000947,0.811233803,0.198875485,2.443744872,4.079104084,7
643,67,307,0.799305947,0.874685694,0.219424434,3.642739019,3.986272987,7
644,68,38,0.918559755,0.969198549,0.328200866,2.798773098,2.953065179,7
645,69,346,0.624959398,0.784177927,0.245459422,2.546080297,3.194735491,7
646,70,163,0.644189855,0.921121188,0.244306192,2.636813457,3.770355473,7
647,71,50,0.727321552,0.852464115,0.269580518,2.697975201,3.162187391,7
648,72,929,0.572869406,0.89056125,0.212625169,2.694269023,4.188409369,7
649,73,220,0.814798293,1.107174035,0.268233306,3.03764773,4.127653092,7
650,74,163,0.567786532,0.767723409,0.267409996,2.123280882,2.870960026,7
651,75,190,1.202447465,1.249699548,0.224671769,5.352018506,5.562334572,7
652,76,505,0.755562491,0.923823927,0.24085224,3.137037425,3.835645984,7
653,77,87,0.915480464,1.059061886,0.255546995,3.582434862,4.144294031,7
654,78,535,1.284277201,1.356759069,0.281648204,4.559862918,4.817211861,7
655,79,258,1.232256631,1.240664088,0.265899295,4.634298225,4.665917177,7
656,80,326,0.728332036,1.152782354,0.216491136,3.364258,5.324847822,7
657,81,89,0.936710785,0.96638286,0.20871709,4.487944828,4.630108919,7
658,82,120,1.522841491,1.404874553,0.229115934,6.646597921,6.131719119,7
659,83,830,1.145174172,1.150974071,0.194769086,5.879650595,5.909428928,7
660,84,1026,0.972988963,1.057811579,0.208663071,4.662966756,5.069471919,7
661,85,737,0.73554046,1.146033027,0.217303913,3.384846826,5.273872022,7
662,86,106,0.70079199,1.024638715,0.251067688,2.791247236,4.081125386,7
663,87,480,1.082940895,1.162840335,0.216875477,4.993376429,5.361788023,7
664,88,297,0.617133885,0.917234664,0.215582837,2.862629944,4.254673873,7
665,89,59,0.634247622,0.706729929,0.173590155,3.65370733,4.071255821,7
666,90,221,0.817640422,1.070230587,0.250012538,3.27039767,4.280707662,7
667,91,49,0.760313918,0.98500896,0.375798334,2.023196617,2.621110502,7
668,92,195,0.576156944,0.865362814,0.252663458,2.280333487,3.424962283,7
669,93,57,0.449083978,0.752923267,0.287595611,1.561511932,2.617992898,7
670,94,96,0.765174449,1.054615661,0.224240389,3.412295404,4.703058471,7
671,95,42678,0.673448148,1.010367366,0.21936261,3.070022496,4.605923343,7
672,96,37762,0.822271899,1.047421592,0.21836043,3.765663495,4.796755501,7