industry,num_firms,average_unlevered_beta,average_levered_beta,average_corr_market,total_unlevered_beta,total_levered_beta,region_id
Advertising,41,0.91018199,1.362998832,0.183747817,4.953430223,7.417768843,US
Aerospace/Defense,96,0.937032351,1.074487468,0.303465672,3.087770504,3.540721627,US
Air Transport,18,0.760812229,1.122088785,0.33710456,2.25690281,3.328607554,US
Apparel,58,0.705230954,0.880540498,0.239039143,2.950273941,3.683666562,US
Auto & Truck,15,0.379283292,0.845010784,0.34418758,1.101966817,2.455087961,US
Auto Parts,63,0.936712235,1.122629713,0.267819327,3.497552791,4.191742715,US
Bank (Money Center),10,0.405268264,0.860228972,0.440338934,0.920355282,1.953561009,US
Banks (Regional),645,0.364389118,0.471938211,0.268578061,1.35673449,1.757173349,US
Beverage (Alcoholic),25,0.710137236,0.792801661,0.220417671,3.221779964,3.596815343,US
Beverage (Soft),36,0.778105563,0.911339119,0.173227738,4.491806982,5.260930666,US
Broadcasting,30,0.700040041,1.220010347,0.423627913,1.652487997,2.879910198,US
Brokerage & Investment Banking,45,0.421270893,1.076942368,0.36207175,1.163501137,2.97438938,US
Building Materials,41,0.869529401,1.006784289,0.374961398,2.318983782,2.685034498,US
Business & Consumer Services,165,0.849144305,1.070528005,0.263725243,3.219806703,4.059254976,US
Cable TV,14,0.820249671,1.115739037,0.377358458,2.173661815,2.956708703,US
Chemical (Basic),45,0.677735227,1.002633463,0.259428897,2.612412245,3.864771714,US
Chemical (Diversified),8,1.219795228,1.518895861,0.465414081,2.620881657,3.263536543,US
Chemical (Specialty),100,0.981503328,1.198054185,0.320034894,3.066863479,3.743511122,US
Coal & Related Energy,38,0.605403379,1.363240792,0.176284349,3.434243499,7.733192423,US
Computer Services,117,0.830712187,0.985286934,0.259283087,3.20388112,3.800043209,US
Computers/Peripherals,55,0.943768496,1.055442804,0.2457863,3.839792926,4.294148226,US
Construction Supplies,51,1.023859879,1.314828594,0.393130597,2.604375966,3.344508426,US
Diversified,24,0.629306272,0.764571368,0.416629155,1.510471038,1.835136497,US
Drugs (Biotechnology),426,1.245933107,1.402457498,0.220235208,5.657283947,6.367998608,US
Drugs (Pharmaceutical),164,0.925931311,1.015395241,0.196591383,4.709928263,5.165003804,US
Education,36,1.046733502,1.225147196,0.236869632,4.419027857,5.172242578,US
Electrical Equipment,119,1.035092414,1.143250093,0.234212217,4.419463796,4.881257296,US
Electronics (Consumer & Office),24,0.971338047,1.083404984,0.210698193,4.610091965,5.141975679,US
Electronics (General),164,0.825859207,0.864158321,0.233410395,3.538228052,3.70231292,US
Engineering/Construction,48,1.00942883,1.181064019,0.361361603,2.793403675,3.268371651,US
Entertainment,79,0.965789883,1.202356752,0.187930344,5.139084313,6.397885123,US
Environmental & Waste Services,89,0.628015764,0.852223053,0.185926264,3.377767885,4.583661472,US
Farming/Agriculture,37,0.615820425,0.919292835,0.21500471,2.864218302,4.275686961,US
Financial Svcs. (Non-bank & Insurance),258,0.067631146,0.654507864,0.259576172,0.26054451,2.521448171,US
Food Processing,87,0.629457878,0.753736473,0.248110993,2.537001164,3.037900352,US
Food Wholesalers,16,0.927823344,1.203724659,0.252407208,3.675898766,4.768978939,US
Furn/Home Furnishings,30,0.693192458,0.83564219,0.297168937,2.332654499,2.812010564,US
Green & Renewable Energy,25,0.468608062,1.140302509,0.159852139,2.931509487,7.133482956,US
Healthcare Products,254,0.922860851,1.036305175,0.217104666,4.250764704,4.773297572,US
Healthcare Support Services,121,0.81830648,0.938830232,0.239076312,3.4227836,3.926906117,US
Heathcare Information and Technology,125,0.831218386,0.950516269,0.231356217,3.592807647,4.108453541,US
Homebuilding,33,0.768000428,1.077566589,0.409414511,1.87585053,2.631969703,US
Hospitals/Healthcare Facilities,38,0.445195666,1.097826003,0.265934593,1.674079558,4.128180507,US
Hotel/Gaming,69,0.667491764,0.960901266,0.296566017,2.250735842,3.240092293,US
Household Products,129,0.688176205,0.796524584,0.186105864,3.697767442,4.279954252,US
Information Services,64,0.870203967,0.981280223,0.417426355,2.084688608,2.350786459,US
Insurance (General),19,0.714438417,0.904797344,0.520552489,1.372461822,1.738148147,US
Insurance (Life),22,0.802149999,1.034403993,0.472214157,1.698699599,2.190539986,US
Insurance (Prop/Cas.),50,0.700826667,0.8301207,0.415187173,1.687977646,1.99938908,US
Investments & Asset Management,156,0.67569471,0.895979616,0.311474675,2.169340766,2.876572922,US
Machinery,127,0.931460842,1.062374576,0.378927433,2.458150983,2.803635956,US
Metals & Mining,97,0.887799825,1.303872193,0.147800477,6.00674533,8.821840223,US
Office Equipment & Services,24,1.094913266,1.490142311,0.357625633,3.061618534,4.166765952,US
Oil/Gas (Integrated),7,0.945236248,1.080586115,0.401260682,2.355666255,2.692977816,US
Oil/Gas (Production and Exploration),330,0.991987901,1.377352122,0.194289782,5.10571318,7.089163968,US
Oil/Gas Distribution,78,0.689038442,1.195250343,0.356341418,1.933646798,3.354227947,US
Oilfield Svcs/Equip.,148,1.109639549,1.365760604,0.261951694,4.23604647,5.21378802,US
Packaging & Container,26,0.604697884,0.838636636,0.407912483,1.48242064,2.055922951,US
Paper/Forest Products,23,0.826761999,1.118469839,0.267447855,3.091301662,4.182010878,US
Power,68,0.32719365,0.544082068,0.279703451,1.169787675,1.945210422,US
Precious Metals,109,1.103672163,1.251165831,0.10750665,10.26608273,11.63803198,US
Publishing & Newspapers,37,0.962024868,1.32027717,0.313262017,3.070991105,4.21460981,US
R.E.I.T.,238,0.413658142,0.724807336,0.387824204,1.066612496,1.868906913,US
Real Estate (Development),18,0.469273294,0.684268152,0.214444136,2.188324206,3.190892345,US
Real Estate (General/Diversified),11,1.094295489,1.270788445,0.338720492,3.230674008,3.751731811,US
Real Estate (Operations & Services),54,0.615628642,0.991680789,0.178656063,3.445887208,5.55078161,US
Recreation,66,0.759553943,0.920928349,0.243058583,3.124983012,3.788915156,US
Reinsurance,3,0.646224197,0.747361371,0.495111809,1.305208612,1.509479995,US
Restaurant/Dining,86,0.608835938,0.768290304,0.290206902,2.097937485,2.647388118,US
Retail (Automotive),25,0.63087014,0.913034834,0.372676369,1.692809614,2.449940243,US
Retail (Building Supply),6,1.123789008,1.298194393,0.480065184,2.340909204,2.704204421,US
Retail (Distributors),88,0.766671232,1.104604532,0.30129336,2.544600492,3.666209345,US
Retail (General),19,0.824072985,1.048330546,0.377259069,2.18436892,2.778808072,US
Retail (Grocery and Food),14,0.463589105,0.690068758,0.278719809,1.663280076,2.475851144,US
Retail (Online),57,1.172287147,1.227182507,0.237329012,4.939502074,5.17080696,US
Retail (Special Lines),108,0.757519323,1.022467012,0.304962219,2.483977607,3.352766173,US
Rubber& Tires,4,0.887001086,1.345535047,0.405470645,2.187583977,3.31845243,US
Semiconductor,80,1.110845209,1.195275265,0.37811929,2.937816817,3.161106287,US
Semiconductor Equip,45,1.097279572,1.09725641,0.33633302,3.262479469,3.262410601,US
Shipbuilding & Marine,11,0.854146028,1.202475701,0.224715667,3.801007912,5.351098644,US
Shoe,10,0.829620949,0.851920561,0.31502146,2.633537882,2.70432548,US
Software (Entertainment),13,0.964779664,0.980741716,0.193423575,4.987911447,5.070435266,US
Software (Internet),297,1.118045196,1.133334074,0.20062632,5.572774282,5.648980024,US
Software (System & Application),236,0.988598068,1.125760214,0.263850124,3.746816766,4.266665473,US
Steel,38,1.193986224,1.599676101,0.317214811,3.763967452,5.042879606,US
Telecom (Wireless),17,0.580986047,1.11578972,0.284999885,2.038548358,3.915053229,US
Telecom. Equipment,107,0.862634599,0.988585317,0.261436611,3.299593715,3.781357604,US
Telecom. Services,67,0.675620712,1.042428987,0.2372685,2.847494345,4.393457147,US
Tobacco,22,1.132887938,1.279160354,0.203434404,5.568811938,6.287827078,US
Transportation,17,0.831083796,1.013576519,0.422531756,1.966914401,2.398817378,US
Transportation (Railroads),7,0.657571617,0.786016021,0.42180475,1.558947871,1.863459387,US
Trucking,30,0.755823682,1.205034614,0.37635559,2.008270109,3.201851244,US
Utility (General),18,0.251225336,0.376499481,0.273282434,0.919288269,1.377693676,US
Utility (Water),22,0.471332569,0.648851869,0.244815915,1.925252977,2.650366374,US
Total Market,7330,0.654631767,1.000981401,0.266677129,2.454772817,3.753532989,US
Total Market (without financials),6100,0.847903498,1.079612935,0.262986003,3.224139261,4.105210629,US
Advertising,79,0.664124849,0.810765229,0.193768025,3.427422298,4.184205464,Europe
Aerospace/Defense,41,1.071341825,1.202473168,0.270016572,3.967689156,4.45333099,Europe
Air Transport,38,0.531444031,0.840209695,0.253552936,2.095988474,3.313744689,Europe
Apparel,135,0.837086087,0.954885393,0.221305175,3.78249667,4.314790167,Europe
Auto & Truck,23,0.903681407,1.653832817,0.388855383,2.323952417,4.253079395,Europe
Auto Parts,56,1.318497585,1.50481946,0.335183966,3.933653513,4.489532951,Europe
Bank (Money Center),129,0.334325277,1.723644827,0.349210309,0.957375165,4.935836035,Europe
Banks (Regional),66,0.21427399,0.606876028,0.213067016,1.005664762,2.848287076,Europe
Beverage (Alcoholic),56,0.556078524,0.749382161,0.232898916,2.387638954,3.217628377,Europe
Beverage (Soft),19,0.713363398,0.89470915,0.211024238,3.380480862,4.239840686,Europe
Broadcasting,25,0.884455615,0.989698824,0.260770329,3.391703414,3.795289241,Europe
Brokerage & Investment Banking,78,0.710004481,0.630755432,0.151642761,4.682086217,4.159482641,Europe
Building Materials,88,0.775940853,0.935003147,0.221981311,3.495523335,4.21208048,Europe
Business & Consumer Services,214,0.704824355,0.846039909,0.21058073,3.347050581,4.017651136,Europe
Cable TV,12,0.707355349,1.579107843,0.354133561,1.997425342,4.45907425,Europe
Chemical (Basic),59,0.92482475,1.12004816,0.191893664,4.819464756,5.83681679,Europe
Chemical (Diversified),7,1.799948517,2.080630252,0.526120612,3.42117088,3.954664015,Europe
Chemical (Specialty),89,1.103789331,1.217617532,0.274559872,4.020213598,4.434797857,Europe
Coal & Related Energy,17,0.599903912,0.717867359,0.105638092,5.678859781,6.795535071,Europe
Computer Services,213,0.79081678,0.826688776,0.187082118,4.227110473,4.418855125,Europe
Computers/Peripherals,36,1.075049226,1.212963755,0.203852607,5.273659442,5.950199867,Europe
Construction Supplies,101,0.912698034,1.230501287,0.290502938,3.141785899,4.235761936,Europe
Diversified,70,0.948754254,1.232194089,0.342080536,2.773482131,3.602058461,Europe
Drugs (Biotechnology),188,1.113887131,1.298581499,0.19483836,5.716980633,6.664917006,Europe
Drugs (Pharmaceutical),105,0.940863669,1.099324595,0.21388962,4.398828091,5.139681837,Europe
Education,9,0.060372009,0.128232026,0.086035648,0.701709234,1.49045226,Europe
Electrical Equipment,121,0.975485044,1.122717906,0.223125708,4.371907891,5.031772968,Europe
Electronics (Consumer & Office),16,1.18904328,1.175053922,0.185879968,6.396833896,6.321573727,Europe
Electronics (General),149,0.884550783,0.96679902,0.194227567,4.554197929,4.977661178,Europe
Engineering/Construction,170,0.721702004,1.087864937,0.233134738,3.095643359,4.666249853,Europe
Entertainment,71,0.690026732,0.769663866,0.180219537,3.828812036,4.270701605,Europe
Environmental & Waste Services,55,0.670147133,0.872246667,0.169874784,3.944947669,5.134644745,Europe
Farming/Agriculture,40,0.367677746,0.681783282,0.171676168,2.141693575,3.971333295,Europe
Financial Svcs. (Non-bank & Insurance),111,0.137491209,0.939803725,0.218123448,0.630336676,4.308586416,Europe
Food Processing,158,0.671629419,0.76364548,0.194649614,3.450453383,3.923180038,Europe
Food Wholesalers,14,0.282350625,0.684131222,0.241950725,1.166975735,2.827564257,Europe
Furn/Home Furnishings,46,0.81978312,0.903729501,0.235104741,3.486884681,3.843944181,Europe
Green & Renewable Energy,49,0.437890477,1.007311943,0.205479329,2.131068264,4.902254392,Europe
Healthcare Products,157,0.87962247,1.038195256,0.174658149,5.036252101,5.944155838,Europe
Healthcare Support Services,45,0.612520779,0.825257703,0.193387078,3.167330442,4.267388036,Europe
Heathcare Information and Technology,74,0.955745835,1.05776439,0.195223414,4.89565168,5.418225039,Europe
Homebuilding,46,1.015384666,1.003619608,0.211146801,4.80890386,4.753184056,Europe
Hospitals/Healthcare Facilities,34,0.375439893,0.683210626,0.169172449,2.219273264,4.038545461,Europe
Hotel/Gaming,118,0.588773444,0.804881832,0.168350304,3.497311437,4.78099423,Europe
Household Products,69,0.88146286,0.941783691,0.182336471,4.834265221,5.165086753,Europe
Information Services,27,0.967028839,1.096580882,0.211481521,4.572639892,5.185232624,Europe
Insurance (General),50,1.038485589,1.124997199,0.339483647,3.05901506,3.313847983,Europe
Insurance (Life),22,1.203790492,1.63102139,0.419729775,2.868013098,3.885884412,Europe
Insurance (Prop/Cas.),22,0.734872041,0.841715219,0.285831945,2.57099339,2.94479058,Europe
Investments & Asset Management,339,0.859721942,0.794536483,0.188180284,4.568607953,4.22220897,Europe
Machinery,211,1.009692876,1.08349358,0.251637377,4.012491656,4.305773621,Europe
Metals & Mining,105,0.964906774,1.376183799,0.229463338,4.205058563,5.997401637,Europe
Office Equipment & Services,34,0.50425227,0.665079044,0.184628677,2.731169818,3.602252125,Europe
Oil/Gas (Integrated),14,1.352897214,1.844869748,0.467000287,2.896994395,3.950468125,Europe
Oil/Gas (Production and Exploration),120,0.938641509,1.8499382,0.197893993,4.743153112,9.348127106,Europe
Oil/Gas Distribution,34,1.101162342,2.170641711,0.325513847,3.382843317,6.668354453,Europe
Oilfield Svcs/Equip.,74,1.220917059,1.68127186,0.28523907,4.280328984,5.894255159,Europe
Packaging & Container,47,0.652551512,0.817936587,0.210507518,3.099896471,3.885545727,Europe
Paper/Forest Products,42,0.872272369,1.116691805,0.24111808,3.617614943,4.631306806,Europe
Power,73,0.630925818,1.082920127,0.303308578,2.080144987,3.570357733,Europe
Precious Metals,58,0.853158696,0.950118661,0.123423476,6.912450726,7.698038427,Europe
Publishing & Newspapers,98,0.658473504,0.888696388,0.181169591,3.634569691,4.905328665,Europe
R.E.I.T.,126,0.504528102,0.861554292,0.285170534,1.769215407,3.021189742,Europe
Real Estate (Development),59,0.576776591,1.051685506,0.171676042,3.359680152,6.125988774,Europe
Real Estate (General/Diversified),70,0.475681276,0.800190649,0.176229665,2.699212281,4.540612666,Europe
Real Estate (Operations & Services),207,0.360922797,0.627045675,0.196848921,1.833501526,3.18541586,Europe
Recreation,57,0.551334483,0.709261961,0.170840277,3.227192632,4.151608587,Europe
Reinsurance,4,1.418828119,1.514578431,0.543316091,2.611422969,2.787656129,Europe
Restaurant/Dining,41,0.540443913,0.757607843,0.22169544,2.437776406,3.417336157,Europe
Retail (Automotive),24,0.592221091,0.897696078,0.204915428,2.89007566,4.380812547,Europe
Retail (Building Supply),14,0.47770681,0.655161388,0.217118417,2.200213212,3.017530236,Europe
Retail (Distributors),120,0.644151019,0.958492583,0.205955267,3.12762586,4.65388721,Europe
Retail (General),21,0.617677775,1.230968008,0.287834865,2.145944949,4.276646639,Europe
Retail (Grocery and Food),28,0.649827942,1.071398459,0.340257539,1.909812031,3.148786834,Europe
Retail (Online),59,1.262254679,1.294731618,0.189938606,6.645593046,6.816579553,Europe
Retail (Special Lines),86,0.924474781,1.028305737,0.209336395,4.416216211,4.912216707,Europe
Rubber& Tires,7,1.345136339,1.469938375,0.378193048,3.556745281,3.886740866,Europe
Semiconductor,36,1.373301899,1.545655462,0.247915769,5.539389062,6.234599228,Europe
Semiconductor Equip,20,1.43463011,1.39472549,0.249117287,5.758854102,5.598670035,Europe
Shipbuilding & Marine,57,1.076833896,1.832950802,0.229668313,4.688648086,7.980860651,Europe
Shoe,12,1.251105819,1.372411765,0.215356556,5.809462421,6.37274198,Europe
Software (Entertainment),33,1.129688674,1.054408627,0.163578508,6.906094742,6.445887298,Europe
Software (Internet),155,0.947304741,0.981741144,0.15275029,6.201655928,6.427098397,Europe
Software (System & Application),230,0.635209662,0.653306578,0.164673741,3.857382836,3.967278414,Europe
Steel,56,0.985899806,1.45615541,0.292668703,3.368654712,4.975439448,Europe
Telecom (Wireless),14,0.698267024,1.208950089,0.301320816,2.317354086,4.012169173,Europe
Telecom. Equipment,56,1.159058509,1.1275,0.168361906,6.884327555,6.696883082,Europe
Telecom. Services,87,0.565604436,0.993675275,0.244518477,2.31313577,4.06380445,Europe
Tobacco,7,0.506420072,0.612408497,0.223029103,2.270645693,2.74586809,Europe
Transportation,39,0.760048201,1.057548504,0.281328092,2.701643465,3.759128697,Europe
Transportation (Railroads),7,0.275898173,0.819658263,0.280362398,0.98407695,2.923567029,Europe
Trucking,23,0.492708802,0.853199643,0.232834791,2.116130497,3.664399291,Europe
Utility (General),21,0.590259755,1.082756863,0.329732869,1.790115002,3.28373955,Europe
Utility (Water),13,0.460165861,0.84844385,0.245647297,1.873278747,3.453910791,Europe
Total Market,6655,0.571046877,1.022233418,0.220952586,2.584477001,4.626483159,Europe
Total Market (without financials),5782,0.778411799,1.038921537,0.221203634,3.51898287,4.696674813,Europe
Advertising,44,1.215795546,1.165568922,0.315168221,3.857608303,3.698243809,Japan
Aerospace/Defense,2,0.940329335,1.408464286,0.493460319,1.905582473,2.854260478,Japan
Air Transport,5,0.612795649,0.704771429,0.321694326,1.904900396,2.190810879,Japan
Apparel,67,0.764426604,0.82172061,0.320847045,2.382526551,2.561097641,Japan
Auto & Truck,10,1.015218836,1.470682143,0.519273045,1.955077095,2.832194271,Japan
Auto Parts,111,1.03859553,1.048468897,0.389226288,2.668359159,2.693725808,Japan
Bank (Money Center),7,-2.73709611,1.612922619,0.565808547,-4.837495165,2.850650856,Japan
Banks (Regional),84,-3.812417639,1.222599256,0.501413462,-7.603341211,2.438305607,Japan
Beverage (Alcoholic),6,0.639026723,0.76081746,0.38396192,1.664297134,1.981491967,Japan
Beverage (Soft),6,0.46846492,0.490164683,0.264954639,1.768094801,1.849994719,Japan
Broadcasting,12,0.979937251,0.917723214,0.362692644,2.701839333,2.530305561,Japan
Brokerage & Investment Banking,35,0.242983472,1.568657366,0.462120571,0.525801029,3.394476387,Japan
Building Materials,69,0.798661057,0.905342478,0.338785722,2.357422422,2.672315919,Japan
Business & Consumer Services,133,0.998361677,0.925905536,0.31930629,3.126658347,2.899740985,Japan
Cable TV,1,1.008980418,1.185345238,0.543139025,1.857683524,2.182397477,Japan
Chemical (Basic),69,0.868852048,1.020840511,0.40205718,2.161016122,2.539043106,Japan
Chemical (Diversified),23,0.892969068,1.261015528,0.481494673,1.854577253,2.618960497,Japan
Chemical (Specialty),73,1.083640092,0.942215264,0.360247422,3.008043988,2.615467055,Japan
Coal & Related Energy,1,0.487735736,1.13052381,0.437035468,1.116009505,2.586801056,Japan
Computer Services,161,0.969743274,0.953875806,0.310319299,3.124985386,3.073852671,Japan
Computers/Peripherals,29,1.232021274,1.263768062,0.407182587,3.025721907,3.103688867,Japan
Construction Supplies,50,1.066869633,1.188647143,0.37584504,2.838589097,3.162598988,Japan
Diversified,16,0.566654288,0.947119048,0.309763848,1.829310592,3.057551919,Japan
Drugs (Biotechnology),21,1.973141954,1.789946145,0.303516775,6.50093213,5.897354916,Japan
Drugs (Pharmaceutical),41,1.071870328,1.002318987,0.343904786,3.116764791,2.914524682,Japan
Education,24,0.692879999,0.680747294,0.243264609,2.84825648,2.798381963,Japan
Electrical Equipment,61,1.046014981,1.017169594,0.373727215,2.798872919,2.72168992,Japan
Electronics (Consumer & Office),16,1.407924025,1.462844494,0.450552866,3.124880856,3.246776581,Japan
Electronics (General),144,1.133302745,1.150666334,0.364210222,3.111671985,3.15934662,Japan
Engineering/Construction,166,1.131723025,0.953740981,0.342529056,3.304020505,2.784408985,Japan
Entertainment,17,0.899256507,0.845766106,0.27963879,3.215778853,3.024494942,Japan
Environmental & Waste Services,32,1.291032845,1.191203202,0.337563111,3.824567326,3.528831093,Japan
Farming/Agriculture,11,0.892700559,1.087254329,0.417348575,2.138980728,2.605146858,Japan
Financial Svcs. (Non-bank & Insurance),39,0.119391061,1.451746599,0.40918313,0.29177904,3.547914106,Japan
Food Processing,120,0.51875959,0.532905983,0.271879164,1.908052027,1.96008394,Japan
Food Wholesalers,35,0.581328223,0.674167717,0.317480852,1.831065464,2.123490953,Japan
Furn/Home Furnishings,20,1.035779854,0.828924405,0.342109322,3.027628268,2.422981052,Japan
Green & Renewable Energy,3,1.606732643,1.575146825,0.258172819,6.223477162,6.101133462,Japan
Healthcare Products,37,0.893759486,0.883092923,0.331471061,2.696342431,2.66416296,Japan
Healthcare Support Services,41,1.1069969,0.914005655,0.289963076,3.817716776,3.152144982,Japan
Heathcare Information and Technology,25,1.591569504,1.519021739,0.314996616,5.052655879,4.822343041,Japan
Homebuilding,54,0.728332007,0.971905929,0.347408259,2.096472919,2.797590166,Japan
Hospitals/Healthcare Facilities,8,0.364144643,0.620772321,0.170271562,2.138611044,3.645778037,Japan
Hotel/Gaming,20,0.78281597,0.90328869,0.303544951,2.578912834,2.975798764,Japan
Household Products,35,0.867960488,0.80105,0.310205642,2.798016446,2.582319247,Japan
Information Services,20,1.384359188,1.17857672,0.361623845,3.828174515,3.259123358,Japan
Insurance (General),3,0.673982892,0.669267857,0.277737273,2.426692265,2.409715663,Japan
Insurance (Life),6,-0.853230016,1.418734127,0.495339817,-1.722514497,2.864163304,Japan
Insurance (Prop/Cas.),5,1.87219765,1.608857143,0.497625165,3.762264816,3.233070303,Japan
Investments & Asset Management,13,2.012643477,1.862725108,0.34581042,5.820077594,5.386549972,Japan
Machinery,227,1.027172508,1.013561958,0.360528247,2.849076365,2.811324678,Japan
Metals & Mining,21,0.762732626,1.285145125,0.438566952,1.739147517,2.930328241,Japan
Office Equipment & Services,33,1.008483797,0.859468975,0.279223222,3.611747584,3.078071261,Japan
Oil/Gas (Integrated),,,,,,,Japan
Oil/Gas (Production and Exploration),3,1.711187551,1.569801587,0.578323349,2.958876819,2.71440119,Japan
Oil/Gas Distribution,2,0.326742042,1.137755952,0.445923619,0.73273096,2.551459271,Japan
Oilfield Svcs/Equip.,24,0.443703086,0.888644841,0.402034551,1.103644165,2.21036933,Japan
Packaging & Container,32,0.498364443,0.606811384,0.295370313,1.687252988,2.054408846,Japan
Paper/Forest Products,17,0.366096972,0.871492997,0.314275047,1.16489354,2.773026383,Japan
Power,27,0.329869291,0.954960317,0.389753782,0.846353022,2.450163054,Japan
Precious Metals,2,0.873186207,0.987327381,0.342539427,2.549155334,2.882375876,Japan
Publishing & Newspapers,49,0.992123705,0.882005952,0.30461627,3.256962291,2.895465669,Japan
R.E.I.T.,26,0.453151991,0.694907029,0.366589252,1.236130053,1.895601208,Japan
Real Estate (Development),10,1.084862907,1.306736905,0.382816102,2.833900928,3.413484695,Japan
Real Estate (General/Diversified),51,0.661207741,1.197418155,0.35681229,1.853096879,3.355876993,Japan
Real Estate (Operations & Services),35,0.642150051,1.136059874,0.345899367,1.856464951,3.284365288,Japan
Recreation,54,0.880189772,0.839769317,0.304614224,2.889522886,2.756828969,Japan
Reinsurance,,,,,,,Japan
Restaurant/Dining,101,0.532237573,0.557471574,0.26226402,2.029396074,2.125612099,Japan
Retail (Automotive),28,0.795606235,0.800875,0.298999978,2.660890614,2.678511903,Japan
Retail (Building Supply),15,0.49296115,0.702352891,0.325845624,1.512867179,2.155477439,Japan
Retail (Distributors),157,0.462169969,0.810156136,0.345907605,1.336108146,2.342117156,Japan
Retail (General),34,0.532445979,0.816917749,0.337148261,1.579263608,2.423022283,Japan
Retail (Grocery and Food),52,0.554673006,0.556413399,0.290659589,1.908325156,1.914312894,Japan
Retail (Online),35,1.14083501,1.098969278,0.286895293,3.97648563,3.830558761,Japan
Retail (Special Lines),114,0.707722197,0.721599528,0.281463162,2.514439871,2.563744125,Japan
Rubber& Tires,7,1.220946488,1.333865646,0.446273903,2.735867995,2.988894571,Japan
Semiconductor,21,1.818254454,1.478840136,0.385853067,4.712297528,3.832650982,Japan
Semiconductor Equip,39,1.487784999,1.411586691,0.355773765,4.181828863,3.967652564,Japan
Shipbuilding & Marine,32,0.413179563,0.871443452,0.339962657,1.215367495,2.563350515,Japan
Shoe,3,0.956129371,1.002019841,0.355234689,2.691542804,2.820726331,Japan
Software (Entertainment),18,1.998925515,1.601799603,0.383362206,5.214195566,4.178292951,Japan
Software (Internet),103,1.758404449,1.445271296,0.293815442,5.984724413,4.918976641,Japan
Software (System & Application),124,1.63004055,1.300105718,0.279953225,5.822546069,4.644010506,Japan
Steel,47,0.838914895,1.300079281,0.464782833,1.804961017,2.797175775,Japan
Telecom (Wireless),6,0.831991622,1.2005,0.423137771,1.966242862,2.837137411,Japan
Telecom. Equipment,19,1.793143368,1.252685464,0.359970215,4.981365938,3.479969764,Japan
Telecom. Services,7,0.852668559,1.077126984,0.341756212,2.494961405,3.151740762,Japan
Tobacco,1,1.067708037,1.124892857,0.437035468,2.443069534,2.573916625,Japan
Transportation,13,0.795625072,0.9033837,0.392503134,2.027054063,2.301596145,Japan
Transportation (Railroads),20,0.466259738,0.720518797,0.42348874,1.100996778,1.701388323,Japan
Trucking,39,0.488742765,0.64741886,0.327672322,1.491559502,1.97581186,Japan
Utility (General),,,,,,,Japan
Utility (Water),,,,,,,Japan
Total Market,3679,0.842140605,0.995815363,0.3429632,2.455483868,2.903563307,Japan
Total Market (without financials),3481,0.802834834,0.975384912,0.336903461,2.382981851,2.895146606,Japan
Advertising,70,1.28769394,1.309992821,0.174243293,7.390206632,7.518182183,Emerging Markets
Aerospace/Defense,61,1.141597427,1.288743126,0.182821123,6.244340964,7.049202548,Emerging Markets
Air Transport,81,0.502545072,0.910043621,0.224804656,2.235474483,4.048152904,Emerging Markets
Apparel,899,0.705997619,0.792343992,0.159277903,4.432489412,4.974600852,Emerging Markets
Auto & Truck,78,1.067468974,1.22781021,0.251706488,4.240927527,4.877944227,Emerging Markets
Auto Parts,395,1.178267022,1.225989245,0.205665753,5.729038525,5.961076295,Emerging Markets
Bank (Money Center),465,0.395124153,0.643526914,0.228351275,1.730334778,2.818144606,Emerging Markets
Banks (Regional),87,0.305284172,0.606136937,0.183098439,1.667322638,3.310442952,Emerging Markets
Beverage (Alcoholic),121,0.793550271,0.749891033,0.159477194,4.975948293,4.702183517,Emerging Markets
Beverage (Soft),36,0.49160605,0.544950694,0.177974656,2.762225032,3.06195672,Emerging Markets
Broadcasting,60,1.00801946,1.084188492,0.211993438,4.754955955,5.114254961,Emerging Markets
Brokerage & Investment Banking,392,0.493694184,0.87037004,0.185291013,2.664425956,4.697313841,Emerging Markets
Building Materials,225,0.813598083,0.917256584,0.167182282,4.866532947,5.486565759,Emerging Markets
Business & Consumer Services,194,0.953084056,1.000104022,0.170826436,5.579253879,5.854503819,Emerging Markets
Cable TV,30,1.130445322,1.138157143,0.205157233,5.5101412,5.547731008,Emerging Markets
Chemical (Basic),585,0.915033646,1.034862807,0.187172843,4.888709448,5.528915362,Emerging Markets
Chemical (Diversified),41,1.265204286,1.442208772,0.239163455,5.290123802,6.030222184,Emerging Markets
Chemical (Specialty),440,0.952321445,1.107044878,0.192178717,4.955394957,5.760496767,Emerging Markets
Coal & Related Energy,108,1.098159223,1.366959439,0.183659908,5.979308361,7.442884263,Emerging Markets
Computer Services,411,1.015614346,1.033513362,0.180015247,5.641824031,5.741254584,Emerging Markets
Computers/Peripherals,203,1.233555693,1.196544274,0.251131604,4.911989065,4.764610487,Emerging Markets
Construction Supplies,529,0.798538733,1.013874545,0.196410898,4.065653896,5.162007584,Emerging Markets
Diversified,238,0.450113702,0.775455809,0.207655127,2.167602159,3.734344633,Emerging Markets
Drugs (Biotechnology),156,1.157322127,1.145724035,0.179494245,6.44768375,6.383068354,Emerging Markets
Drugs (Pharmaceutical),576,0.988271063,1.009528119,0.184648409,5.352177517,5.467299309,Emerging Markets
Education,85,0.811813374,0.893895442,0.171540172,4.732497145,5.210997701,Emerging Markets
Electrical Equipment,529,1.036199731,1.196985005,0.18959503,5.465331716,6.313377545,Emerging Markets
Electronics (Consumer & Office),92,1.022075593,1.188160988,0.200244852,5.104129185,5.933540743,Emerging Markets
Electronics (General),735,1.281698882,1.266033733,0.225446086,5.685168035,5.615682913,Emerging Markets
Engineering/Construction,694,0.856467893,1.146948072,0.194474136,4.404019531,5.897689511,Emerging Markets
Entertainment,164,1.067591561,1.123186202,0.161416175,6.613906944,6.958324976,Emerging Markets
Environmental & Waste Services,98,1.376335435,1.473408395,0.17499839,7.864846273,8.419554003,Emerging Markets
Farming/Agriculture,270,0.698894174,0.884672046,0.164696296,4.243533041,5.371535775,Emerging Markets
Financial Svcs. (Non-bank & Insurance),536,0.388346131,0.691194033,0.165560027,2.345651535,4.174884756,Emerging Markets
Food Processing,854,0.662184296,0.762335155,0.158399008,4.180482594,4.812752079,Emerging Markets
Food Wholesalers,59,0.410143109,0.576476253,0.13515334,3.03465019,4.265349661,Emerging Markets
Furn/Home Furnishings,202,1.010440544,0.990762119,0.17764866,5.687859084,5.577087488,Emerging Markets
Green & Renewable Energy,77,0.694075367,1.061740196,0.178729594,3.883382438,5.940483455,Emerging Markets
Healthcare Products,164,1.05896065,1.047767816,0.179041384,5.914613852,5.852098507,Emerging Markets
Healthcare Support Services,109,1.170575748,1.224442361,0.183100023,6.39309449,6.687286768,Emerging Markets
Heathcare Information and Technology,56,1.084241248,1.115137116,0.166479268,6.512770394,6.698354272,Emerging Markets
Homebuilding,36,0.980001635,1.381097778,0.237499857,4.126325158,5.81515204,Emerging Markets
Hospitals/Healthcare Facilities,90,0.616761007,0.658975499,0.172730848,3.570647711,3.815042343,Emerging Markets
Hotel/Gaming,411,0.737538843,0.844832425,0.182255305,4.046734569,4.635433932,Emerging Markets
Household Products,235,0.87267612,0.881480212,0.158291816,5.513084262,5.56870364,Emerging Markets
Information Services,53,1.14238318,1.201139953,0.196629243,5.809833585,6.108653701,Emerging Markets
Insurance (General),154,0.505602408,0.566721005,0.159556179,3.168804936,3.551858716,Emerging Markets
Insurance (Life),63,0.626271173,0.766100195,0.260887389,2.400542147,2.936516778,Emerging Markets
Insurance (Prop/Cas.),141,0.442769223,0.454857568,0.177177136,2.499020096,2.567247548,Emerging Markets
Investments & Asset Management,333,0.243797973,0.745055821,0.146608378,1.662919789,5.081945733,Emerging Markets
Machinery,674,1.111265506,1.159404907,0.193058711,5.756101345,6.00545244,Emerging Markets
Metals & Mining,290,1.041883222,1.353980846,0.187342858,5.561371452,7.227288302,Emerging Markets
Office Equipment & Services,67,0.71208172,0.7442051,0.146934951,4.846237842,5.064860981,Emerging Markets
Oil/Gas (Integrated),23,0.867220985,1.195854545,0.293835867,2.951378925,4.069804538,Emerging Markets
Oil/Gas (Production and Exploration),135,1.491421381,1.971384602,0.213006163,7.001775725,9.255058982,Emerging Markets
Oil/Gas Distribution,86,1.005217329,1.609503704,0.245463058,4.095187836,6.557009911,Emerging Markets
Oilfield Svcs/Equip.,243,0.899390865,1.213296743,0.206308887,4.359438306,5.880971783,Emerging Markets
Packaging & Container,279,0.667041443,0.740874389,0.156150917,4.271774102,4.744604792,Emerging Markets
Paper/Forest Products,191,0.570985034,0.815664184,0.169909901,3.360516551,4.800568885,Emerging Markets
Power,370,0.494162711,0.81299818,0.183942334,2.686508867,4.419853561,Emerging Markets
Precious Metals,100,1.079295975,1.326545626,0.139567661,7.733137943,9.504677634,Emerging Markets
Publishing & Newspapers,162,0.874584807,0.831554436,0.148129621,5.904185812,5.613694482,Emerging Markets
R.E.I.T.,81,0.466127593,0.676125926,0.274977742,1.695146633,2.458838745,Emerging Markets
Real Estate (Development),638,0.702993087,1.086344769,0.202250331,3.475856298,5.371287966,Emerging Markets
Real Estate (General/Diversified),280,0.760510273,1.04656399,0.21864588,3.47827397,4.786570824,Emerging Markets
Real Estate (Operations & Services),279,0.541979989,0.875177191,0.186117569,2.91203024,4.702281443,Emerging Markets
Recreation,121,0.940633395,0.984651092,0.19490867,4.82602131,5.051858863,Emerging Markets
Reinsurance,30,0.972413777,0.938630651,0.279586804,3.478038887,3.357206555,Emerging Markets
Restaurant/Dining,98,1.004337806,1.130410278,0.174568523,5.753258311,6.475453069,Emerging Markets
Retail (Automotive),78,0.682909697,0.977304,0.191875387,3.559131306,5.093430769,Emerging Markets
Retail (Building Supply),13,1.060226623,1.17759596,0.187618041,5.650984401,6.276560366,Emerging Markets
Retail (Distributors),523,0.646221161,0.878699269,0.151462261,4.266549016,5.801440327,Emerging Markets
Retail (General),137,0.926719579,1.200595004,0.230586536,4.018966567,5.206700377,Emerging Markets
Retail (Grocery and Food),60,0.752311257,0.889518519,0.193714517,3.883608049,4.591904276,Emerging Markets
Retail (Online),28,1.39251902,1.525006838,0.203603198,6.839376953,7.490092754,Emerging Markets
Retail (Special Lines),158,0.896197209,1.040281954,0.192756669,4.649370702,5.396866212,Emerging Markets
Rubber& Tires,69,0.840693532,0.96468642,0.208991907,4.022612859,4.615903237,Emerging Markets
Semiconductor,389,1.332910262,1.371983066,0.260305368,5.120563867,5.270667588,Emerging Markets
Semiconductor Equip,151,1.080817131,1.225799387,0.22917828,4.716053945,5.348671728,Emerging Markets
Shipbuilding & Marine,219,0.684487933,1.029809995,0.191881229,3.567248013,5.366913691,Emerging Markets
Shoe,63,0.874689852,0.904597701,0.181135831,4.828916768,4.994029596,Emerging Markets
Software (Entertainment),54,1.685926527,1.590899556,0.214307168,7.866869514,7.423454712,Emerging Markets
Software (Internet),150,1.317704451,1.321971614,0.187471277,7.028833813,7.051595504,Emerging Markets
Software (System & Application),309,1.346662677,1.287238209,0.185671883,7.25291657,6.932865592,Emerging Markets
Steel,518,0.684247956,1.107077687,0.19015653,3.598340565,5.821928319,Emerging Markets
Telecom (Wireless),62,0.785275148,1.018718889,0.227422659,3.452932752,4.479408048,Emerging Markets
Telecom. Equipment,268,1.27061316,1.258032611,0.199760858,6.360671316,6.29769327,Emerging Markets
Telecom. Services,116,0.699870448,0.860788379,0.179343988,3.902391464,4.799650039,Emerging Markets
Tobacco,29,0.340235084,0.336784674,0.134781394,2.524347569,2.49874752,Emerging Markets
Transportation,141,0.823131357,1.135536296,0.208062333,3.956176717,5.457673571,Emerging Markets
Transportation (Railroads),11,1.534870174,1.725367677,0.280316147,5.47549683,6.155077742,Emerging Markets
Trucking,95,0.711167352,0.88389098,0.185118942,3.841677917,4.774719272,Emerging Markets
Utility (General),13,0.318744945,0.814255556,0.198024074,1.609627248,4.111901849,Emerging Markets
Utility (Water),56,1.032350693,1.287867078,0.221922326,4.651855951,5.803233506,Emerging Markets
Total Market,20578,0.761923895,1.014410481,0.189549438,4.019657894,5.351693425,Emerging Markets
Total Market (without financials),18286,0.85232445,1.058904191,0.191526362,4.450167805,5.528764713,Emerging Markets
Advertising,30,1.73237295,1.866842146,0.217996392,7.946796432,8.563637815,China
Aerospace/Defense,18,1.77979833,1.869379085,0.248584757,7.159724317,7.520087344,China
Air Transport,17,0.816103233,1.376831373,0.21602336,3.777847143,6.373530034,China
Apparel,194,1.440203744,1.493438112,0.179628455,8.01768152,8.314039733,China
Auto & Truck,31,2.017721722,1.81403908,0.253309272,7.965447557,7.161360757,China
Auto Parts,103,1.829603711,1.791379152,0.201481748,9.080741702,8.891024471,China
Bank (Money Center),22,0.944731803,1.802721637,0.435573253,2.168938972,4.138733553,China
Banks (Regional),20,0.600527227,1.329016667,0.242424642,2.477170727,5.482184715,China
Beverage (Alcoholic),42,1.486873979,1.302378363,0.210750798,7.055128584,6.17970786,China
Beverage (Soft),4,1.107273524,1.066344444,0.205586812,5.38591709,5.186832918,China
Broadcasting,7,1.831448268,1.700736508,0.25017734,7.32060013,6.798123715,China
Brokerage & Investment Banking,71,1.304435601,2.039972569,0.256464607,5.086220731,7.954206987,China
Building Materials,43,1.365689429,1.430353388,0.17770124,7.685311759,8.049203191,China
Business & Consumer Services,63,1.657358241,1.738466667,0.19882868,8.335609535,8.743540756,China
Cable TV,11,1.814451954,1.623832099,0.206023758,8.807003481,7.881771087,China
Chemical (Basic),174,1.487458874,1.573789384,0.185377337,8.023952106,8.489653641,China
Chemical (Diversified),8,2.844908783,2.945219444,0.331911427,8.571289061,8.873510233,China
Chemical (Specialty),141,1.364196808,1.513663542,0.181153296,7.530620958,8.355705225,China
Coal & Related Energy,48,1.248006633,1.649139007,0.190250699,6.559800512,8.668241513,China
Computer Services,100,1.771730617,1.827222955,0.180056833,9.83984105,10.14803451,China
Computers/Peripherals,42,1.515038759,1.741947009,0.209209839,7.241718489,8.326314944,China
Construction Supplies,126,1.246561529,1.553891257,0.230064472,5.41831391,6.754155666,China
Diversified,24,0.803377403,1.700858937,0.329358362,2.439219694,5.164158963,China
Drugs (Biotechnology),35,1.512176957,1.483333987,0.220925031,6.844751588,6.714196125,China
Drugs (Pharmaceutical),197,1.51540238,1.517670991,0.210055509,7.214294864,7.22509492,China
Education,13,1.351822254,1.59508,0.229561555,5.888713614,6.948376003,China
Electrical Equipment,207,1.663928138,1.632438683,0.185178882,8.985517788,8.815468942,China
Electronics (Consumer & Office),34,1.414283219,1.465562745,0.193361321,7.314199199,7.579399734,China
Electronics (General),212,1.71410159,1.698555439,0.211886787,8.089704951,8.016334869,China
Engineering/Construction,142,1.380395923,1.693019234,0.211177754,6.536654059,8.017034001,China
Entertainment,48,1.736273923,1.793131313,0.165003819,10.52262871,10.86721098,China
Environmental & Waste Services,48,1.754284218,1.870343386,0.198074359,8.856695165,9.442632532,China
Farming/Agriculture,53,1.430597654,1.608325778,0.209027642,6.844059669,7.694321012,China
Financial Svcs. (Non-bank & Insurance),56,1.091249828,1.685824537,0.203821461,5.353949591,8.27108455,China
Food Processing,152,1.363043254,1.400499061,0.179327292,7.600868999,7.80973741,China
Food Wholesalers,9,1.245431941,1.048966667,0.126239107,9.865658677,8.309363809,China
Furn/Home Furnishings,68,1.801429617,1.554419829,0.193085629,9.329692876,8.050416994,China
Green & Renewable Energy,25,1.065584073,1.690704348,0.228058869,4.672407952,7.413455813,China
Healthcare Products,40,1.888648278,1.838608254,0.203960596,9.259868402,9.014526777,China
Healthcare Support Services,44,1.810081258,1.873089444,0.202925959,8.919909837,9.23040824,China
Heathcare Information and Technology,11,1.558958226,1.543982716,0.182997312,8.519022543,8.437187952,China
Homebuilding,5,1.096571552,1.077866667,0.087726569,12.49987962,12.2866616,China
Hospitals/Healthcare Facilities,8,1.679955726,1.634762963,0.223923472,7.502365479,7.30054312,China
Hotel/Gaming,86,1.618346576,1.834365462,0.243499242,6.646207861,7.533351837,China
Household Products,60,1.624803763,1.629419955,0.155251062,10.46565313,10.49538685,China
Information Services,9,2.683541859,2.568011111,0.183177468,14.64995607,14.01925214,China
Insurance (General),4,0.912130353,0.990861111,0.261789992,3.484206353,3.784946489,China
Insurance (Life),5,1.963105091,2.546662222,0.50886307,3.857825822,5.004611991,China
Insurance (Prop/Cas.),3,2.600534508,2.865325926,0.499410851,5.207204654,5.737412233,China
Investments & Asset Management,34,0.301521774,1.452841077,0.168887997,1.785335722,8.602393911,China
Machinery,251,1.536269898,1.572164286,0.190940385,8.045809158,8.233796564,China
Metals & Mining,99,1.357211832,1.783688889,0.198079545,6.851852531,9.004912087,China
Office Equipment & Services,12,1.149396885,1.122967677,0.147427221,7.796368117,7.617098589,China
Oil/Gas (Integrated),5,1.544203013,2.114804444,0.382874194,4.033186454,5.523496953,China
Oil/Gas (Production and Exploration),20,2.059554661,2.813244444,0.202345715,10.17839523,13.90315799,China
Oil/Gas Distribution,13,1.359995309,1.947683761,0.249242679,5.456510555,7.814407102,China
Oilfield Svcs/Equip.,50,1.581478479,1.714576812,0.206618394,7.654103049,8.298277703,China
Packaging & Container,57,1.451284654,1.556799129,0.163475585,8.877684419,9.523129273,China
Paper/Forest Products,45,1.110156126,1.389364141,0.181748587,6.108196737,7.644428845,China
Power,77,0.980761121,1.560840351,0.237769929,4.124832459,6.564498537,China
Precious Metals,25,1.395214652,1.650337963,0.135997894,10.25909013,12.13502588,China
Publishing & Newspapers,48,1.573809698,1.406788333,0.170631226,9.223456544,8.244612466,China
R.E.I.T.,2,0.952376375,1.200222222,0.437170825,2.17849939,2.745430741,China
Real Estate (Development),200,1.094213944,1.660435809,0.251713106,4.347067822,6.596540941,China
Real Estate (General/Diversified),80,1.267334179,1.641910833,0.27882701,4.545234622,5.88863623,China
Real Estate (Operations & Services),69,1.222474432,1.40633068,0.205029367,5.962435771,6.859167058,China
Recreation,45,1.273183974,1.303040404,0.175717442,7.245632305,7.415543893,China
Reinsurance,1,3.016245835,2.475333333,0.556776436,5.417337444,4.445829911,China
Restaurant/Dining,31,1.60589789,1.765232407,0.189069408,8.493695022,9.336425314,China
Retail (Automotive),21,1.354661902,1.888088889,0.219203492,6.179928473,8.613406984,China
Retail (Building Supply),3,1.314269411,1.616622222,0.128750343,10.20789056,12.55625565,China
Retail (Distributors),130,1.318355089,1.607017563,0.183394739,7.18862,8.762615393,China
Retail (General),66,1.304904449,1.507469581,0.215435249,6.057061021,6.997320949,China
Retail (Grocery and Food),17,1.363186802,1.633465185,0.212095382,6.427234715,7.70155941,China
Retail (Online),3,1.922652572,1.871414815,0.187347859,10.26247421,9.988984262,China
Retail (Special Lines),56,1.327873781,1.493423556,0.193998062,6.844778587,7.698136469,China
Rubber& Tires,12,1.630613868,1.618758333,0.191073554,8.53395896,8.471911989,China
Semiconductor,62,1.689226732,1.802907937,0.218929393,7.715851711,8.235111386,China
Semiconductor Equip,10,1.569234594,2.035577778,0.250959189,6.252947344,8.111190453,China
Shipbuilding & Marine,47,1.153556275,1.510148309,0.222351754,5.187979202,6.791708551,China
Shoe,25,1.17854626,1.170637374,0.179081971,6.581043608,6.536880108,China
Software (Entertainment),16,2.243618658,2.178545299,0.223097398,10.05667784,9.764996448,China
Software (Internet),50,1.876764119,1.889350505,0.199379816,9.413009583,9.476137269,China
Software (System & Application),91,1.973701425,1.877055833,0.194399623,10.1528048,9.655655726,China
Steel,95,0.942091872,1.422961364,0.178174573,5.287465302,7.986332393,China
Telecom (Wireless),6,1.408884871,1.556755556,0.212891495,6.617854183,7.312436582,China
Telecom. Equipment,93,1.693344059,1.679036585,0.18482909,9.161675034,9.084265821,China
Telecom. Services,18,1.100025824,1.623724444,0.265680263,4.140412283,6.111573459,China
Tobacco,,,,,,,China
Transportation,51,1.351038674,1.681261574,0.237623974,5.685616024,7.075302823,China
Transportation (Railroads),6,1.273823077,1.319540741,0.230959478,5.515353116,5.713299807,China
Trucking,18,1.404699823,1.577068056,0.220373989,6.374163437,7.156325768,China
Utility (General),4,1.931044059,1.783088889,0.301119137,6.412890518,5.921539583,China
Utility (Water),31,1.433650683,1.657828674,0.233592086,6.137411191,7.097109763,China
Total Market,5008,1.237795988,1.632632144,0.205806598,6.014364942,7.932846468,China
Total Market (without financials),4751,1.382098604,1.640927807,0.205386961,6.729242208,7.989444912,China
Advertising,3,0.312726309,0.317177778,0.187272117,1.66990321,1.693673266,India
Aerospace/Defense,4,1.165709543,1.166733333,0.191340546,6.092328924,6.097679543,India
Air Transport,6,0.367323621,0.758644444,0.170169059,2.158580552,4.458180873,India
Apparel,314,0.518969586,0.688652969,0.157058792,3.304301397,4.384682705,India
Auto & Truck,12,1.301973159,1.380087037,0.276557284,4.707788349,4.990239335,India
Auto Parts,95,1.21322757,1.245990476,0.218869655,5.543151106,5.692842509,India
Bank (Money Center),40,1.400432047,1.876316239,0.348183453,4.02210971,5.388872512,India
Banks (Regional),1,19.3389121,1.843111111,0.223606798,86.48624406,8.242643459,India
Beverage (Alcoholic),19,0.676930757,0.698467836,0.144363392,4.68907489,4.838261462,India
Beverage (Soft),3,0.156778296,0.200066667,0.04472136,3.505669229,4.473626629,India
Broadcasting,15,1.112593051,1.14725641,0.160232698,6.943608046,7.159939415,India
Brokerage & Investment Banking,163,0.213250934,0.490020283,0.122770634,1.736986504,3.991347662,India
Building Materials,44,0.82758285,0.98054832,0.165720366,4.993851206,5.916884832,India
Business & Consumer Services,21,0.34411533,0.350485185,0.120432936,2.857319117,2.910210418,India
Cable TV,7,1.234572617,1.318546032,0.241148435,5.119554753,5.467777686,India
Chemical (Basic),126,0.973713892,1.021911676,0.18188151,5.353561736,5.618557246,India
Chemical (Diversified),12,1.169088916,1.341830303,0.249125797,4.692765381,5.386155585,India
Chemical (Specialty),128,0.923101048,1.030559745,0.194677421,4.741695485,5.293678844,India
Coal & Related Energy,5,1.584515423,1.288533333,0.365531512,4.334825783,3.525095076,India
Computer Services,104,0.613122388,0.601329068,0.13892191,4.413431894,4.328540171,India
Computers/Peripherals,10,0.138343601,0.155142222,0.095245985,1.452487484,1.628858392,India
Construction Supplies,88,1.119027725,1.200371242,0.204692849,5.466862814,5.864255873,India
Diversified,13,0.916595922,1.247894017,0.219231341,4.180952948,5.692133302,India
Drugs (Biotechnology),8,0.791435233,0.806577778,0.174090741,4.546107555,4.633088316,India
Drugs (Pharmaceutical),132,0.770557353,0.82918916,0.169144965,4.555603252,4.902239685,India
Education,19,0.500583998,0.96888366,0.165498902,3.024696792,5.854320774,India
Electrical Equipment,82,0.996270613,1.122496011,0.183320182,5.43459319,6.123144756,India
Electronics (Consumer & Office),7,0.98004087,1.158485714,0.211668018,4.630084789,5.473125912,India
Electronics (General),22,0.486609983,0.511906878,0.137743054,3.532736999,3.716389779,India
Engineering/Construction,121,0.782642781,1.376835708,0.199937591,3.914435385,6.886327384,India
Entertainment,55,0.46349654,0.67035304,0.13369254,3.466884092,5.014139458,India
Environmental & Waste Services,5,1.2047173,1.338875556,0.210887235,5.712613662,6.348774766,India
Farming/Agriculture,39,0.671725664,0.853504127,0.168378982,3.989367652,5.068946948,India
Financial Svcs. (Non-bank & Insurance),187,0.335238634,0.670446928,0.158543127,2.114494904,4.228798439,India
Food Processing,163,1.056999236,1.102558689,0.183576312,5.757819319,6.005996509,India
Food Wholesalers,15,0.957322329,0.289985185,0.104608603,9.151468443,2.772096909,India
Furn/Home Furnishings,26,0.782813682,0.798064889,0.177182799,4.418113306,4.504189422,India
Green & Renewable Energy,15,0.895296451,1.005682051,0.148843519,6.015018036,6.756639844,India
Healthcare Products,7,0.328961537,0.473114286,0.129178256,2.546570509,3.662491666,India
Healthcare Support Services,11,0.538449212,0.531007407,0.124623023,4.320623904,4.260909375,India
Heathcare Information and Technology,12,0.92793487,1.019961111,0.143001157,6.489002534,7.132537473,India
Homebuilding,1,-0.271654626,-0.2658,,,,India
Hospitals/Healthcare Facilities,17,0.569812881,0.605779365,0.201467688,2.828309027,3.006831373,India
Hotel/Gaming,53,0.567770356,0.647439556,0.168769511,3.364176104,3.836235302,India
Household Products,32,0.483060642,0.486975,0.125766951,3.840918763,3.872042664,India
Information Services,15,0.867586537,0.882814286,0.186849043,4.643248492,4.724746094,India
Insurance (General),1,0.677765391,1.116733333,0.223606798,3.03105897,4.994183285,India
Insurance (Life),2,0.956530669,0.955444444,0.109544512,8.731890363,8.721974534,India
Insurance (Prop/Cas.),0,,0,0,,,India
Investments & Asset Management,72,0.243693601,0.5233625,0.117150496,2.080175579,4.467437338,India
Machinery,131,0.977810399,0.981765375,0.196080879,4.986770786,5.006940911,India
Metals & Mining,29,0.859173118,1.060042735,0.231625312,3.709323091,4.576540991,India
Office Equipment & Services,13,0.2823421,0.276883333,0.131050044,2.154460166,2.112806105,India
Oil/Gas (Integrated),0,,0,0,,,India
Oil/Gas (Production and Exploration),11,1.730447053,1.795105051,0.303769582,5.696577786,5.909429901,India
Oil/Gas Distribution,8,1.279234141,1.524780952,0.221215198,5.782758837,6.89274953,India
Oilfield Svcs/Equip.,23,1.045381852,1.288096618,0.191104962,5.470197323,6.740257315,India
Packaging & Container,64,0.614811113,0.775288136,0.1652705,3.720029364,4.691025537,India
Paper/Forest Products,52,0.374041532,0.640296444,0.144913978,2.581128041,4.418458818,India
Power,36,0.8896943,1.256082353,0.250839484,3.546867049,5.007514499,India
Precious Metals,2,0.842089927,1.340122222,0.181129136,4.649113588,7.398711503,India
Publishing & Newspapers,17,0.541345128,0.582252778,0.146472796,3.695874886,3.975159852,India
R.E.I.T.,0,,0,0,,,India
Real Estate (Development),104,0.614389001,0.913932233,0.171629897,3.579731806,5.325017663,India
Real Estate (General/Diversified),18,0.854544989,1.497388889,0.228099885,3.746363086,6.564619219,India
Real Estate (Operations & Services),19,0.170425181,0.200847953,0.134875361,1.263575349,1.489137464,India
Recreation,15,0.523824716,0.994721481,0.169700211,3.086765259,5.861639624,India
Reinsurance,0,,0,0,,,India
Restaurant/Dining,8,0.799483236,0.926211111,0.203523971,3.928201831,4.550869887,India
Retail (Automotive),2,0.622559963,0.9413,0.122200795,5.094565569,7.702895877,India
Retail (Building Supply),0,,0,0,,,India
Retail (Distributors),143,0.394340657,0.612174014,0.112914417,3.492385359,5.421575298,India
Retail (General),5,0.846494759,1.080072222,0.217868065,3.885354923,4.957460021,India
Retail (Grocery and Food),3,0.314872125,0.313244444,0.088631548,3.552596477,3.534231897,India
Retail (Online),5,0.854213719,0.881511111,0.178537556,4.78450438,4.937398779,India
Retail (Special Lines),15,0.707313834,0.803717172,0.171395701,4.126788653,4.689249306,India
Rubber& Tires,15,1.134991347,1.306649206,0.228570183,4.965614203,5.716621428,India
Semiconductor,8,1.113122054,1.721261111,0.170840352,6.515568722,10.07526086,India
Semiconductor Equip,0,,0,0,,,India
Shipbuilding & Marine,15,0.960231592,1.245317037,0.234153547,4.100862893,5.318377846,India
Shoe,13,0.9311848,0.956623932,0.186480237,4.993477136,5.129894446,India
Software (Entertainment),1,1.760644444,1.760644444,0.118321596,14.88016139,14.88016139,India
Software (Internet),12,0.400021578,0.409487037,0.138083981,2.896944128,2.965492695,India
Software (System & Application),66,0.98488903,0.959064903,0.156199147,6.305341926,6.140013703,India
Steel,159,0.591976592,1.130265026,0.181655175,3.258792885,6.222035932,India
Telecom (Wireless),5,0.70181352,1.576706667,0.266161035,2.636800385,5.923882386,India
Telecom. Equipment,21,0.921184117,1.142857143,0.224105963,4.110484634,5.099628442,India
Telecom. Services,8,0.466959014,0.557636111,0.19868387,2.350261317,2.806650137,India
Tobacco,5,1.384498413,1.384631111,0.25271357,5.478528173,5.479053266,India
Transportation,19,0.532061284,1.181603704,0.269758437,1.972361978,4.380228908,India
Transportation (Railroads),2,1.333260276,1.346533333,0.244530435,5.452328567,5.506608341,India
Trucking,7,0.262773131,0.285247619,0.090134664,2.915339335,3.16468278,India
Utility (General),0,,0,0,,,India
Utility (Water),1,0.801824129,0.809488889,0.137840488,5.817043603,5.872649617,India
Total Market,3432,0.718397218,0.895947748,0.17427917,4.122106031,5.140876836,India
Total Market (without financials),2947,0.796592138,0.933844692,0.178296049,4.467805884,5.237607317,India
Advertising,251,0.896416696,1.068896379,0.20272417,4.42185407,5.272663733,Global
Aerospace/Defense,222,0.979647749,1.122518135,0.250434239,3.911796376,4.482287005,Global
Air Transport,158,0.533356407,0.865006788,0.241749924,2.206231952,3.578105729,Global
Apparel,1171,0.713568224,0.815214397,0.180480246,3.953719258,4.516917586,Global
Auto & Truck,128,0.802113013,1.268303021,0.30748513,2.608623751,4.124762134,Global
Auto Parts,642,1.110363139,1.198022254,0.257884132,4.305666775,4.645583444,Global
Bank (Money Center),623,0.364245026,0.884488698,0.271050842,1.343825473,3.263183731,Global
Banks (Regional),889,0.448960342,0.568976175,0.28258476,1.588763462,2.013470843,Global
Beverage (Alcoholic),223,0.623268343,0.731475134,0.190026694,3.279898892,3.849328316,Global
Beverage (Soft),103,0.640827502,0.74297837,0.188001321,3.408632973,3.951984837,Global
Broadcasting,142,0.75504793,1.018473324,0.272867237,2.767089,3.732486667,Global
Brokerage & Investment Banking,569,0.374983421,0.907368591,0.214222498,1.750439028,4.23563631,Global
Building Materials,434,0.783823073,0.918855281,0.228429647,3.431354394,4.02248698,Global
Business & Consumer Services,772,0.806170865,0.935255999,0.232449946,3.468148212,4.023472645,Global
Cable TV,63,0.781779661,1.154005599,0.291753356,2.679590981,3.955414994,Global
Chemical (Basic),774,0.894348405,1.039489843,0.212883227,4.201121985,4.882910963,Global
Chemical (Diversified),81,1.1773425,1.427439415,0.361969139,3.252604636,3.943538996,Global
Chemical (Specialty),731,0.978331574,1.109558777,0.237376147,4.121440111,4.674263994,Global
Coal & Related Energy,278,0.838585482,1.140816525,0.157309122,5.330812808,7.252068478,Global
Computer Services,929,0.893522748,0.96465488,0.215359182,4.148988398,4.47928373,Global
Computers/Peripherals,327,1.119274684,1.188223062,0.260439205,4.297642836,4.562381697,Global
Construction Supplies,757,0.833212098,1.06843361,0.236259769,3.526677866,4.522283309,Global
Diversified,356,0.627330922,0.865377971,0.253087444,2.478712146,3.419284487,Global
Drugs (Biotechnology),884,1.156101691,1.284826217,0.201089097,5.749201268,6.389338041,Global
Drugs (Pharmaceutical),971,0.918185455,1.011619857,0.19379988,4.737801978,5.219919935,Global
Education,174,0.7637675,0.871568804,0.189506694,4.030292988,4.59914521,Global
Electrical Equipment,856,1.018000189,1.147949659,0.212984529,4.779690776,5.389826502,Global
Electronics (Consumer & Office),153,1.083442341,1.186349009,0.2267761,4.777586088,5.231367014,Global
Electronics (General),1239,1.12900988,1.146520114,0.238774836,4.728345327,4.801678993,Global
Engineering/Construction,1118,0.844316918,1.090744437,0.234456281,3.60116997,4.652229543,Global
Entertainment,353,0.879487236,1.040922945,0.17940787,4.902166423,5.801991546,Global
Environmental & Waste Services,306,0.884552123,1.07976521,0.187723398,4.711997183,5.751894657,Global
Farming/Agriculture,388,0.623767175,0.867394662,0.180134574,3.462784302,4.815259185,Global
Financial Svcs. (Non-bank & Insurance),1016,0.102617634,0.735044747,0.213245699,0.481217838,3.446938205,Global
Food Processing,1275,0.63810642,0.73511777,0.181347576,3.518692855,4.053639901,Global
Food Wholesalers,128,0.482512291,0.68681001,0.223024734,2.163492285,3.079523951,Global
Furn/Home Furnishings,307,0.910847026,0.936579885,0.208697813,4.364430144,4.48773215,Global
Green & Renewable Energy,179,0.598019832,1.008564663,0.184671522,3.2382894,5.461397903,Global
Healthcare Products,677,0.910534979,1.01521871,0.196953906,4.623086676,5.154600539,Global
Healthcare Support Services,334,0.866765979,0.990767781,0.21807356,3.974649558,4.543273293,Global
Heathcare Information and Technology,322,0.914642376,1.022107339,0.207184001,4.414638059,4.933331406,Global
Homebuilding,173,0.828388322,1.073275022,0.300038681,2.760938419,3.577122184,Global
Hospitals/Healthcare Facilities,192,0.441305483,0.735871401,0.202018737,2.18447798,3.64258985,Global
Hotel/Gaming,658,0.644754352,0.836061943,0.196220084,3.285873388,4.260837759,Global
Household Products,494,0.803420654,0.868089868,0.179009341,4.488149329,4.849411004,Global
Information Services,186,0.925196013,1.039777643,0.293619714,3.151001004,3.541239206,Global
Insurance (General),233,0.618380998,0.712636751,0.234938995,2.632091784,3.03328424,Global
Insurance (Life),123,1.111165976,1.024224375,0.36623609,3.034015506,2.796623279,Global
Insurance (Prop/Cas.),227,0.539946989,0.608407136,0.261252619,2.066762013,2.328807797,Global
Investments & Asset Management,1013,0.532272046,0.807144546,0.195958535,2.716248344,4.118955809,Global
Machinery,1270,1.031299363,1.097782811,0.251790803,4.095857953,4.359900353,Global
Metals & Mining,1517,0.917831052,1.258820727,0.14550782,6.307778181,8.651223879,Global
Office Equipment & Services,159,0.724925629,0.858357552,0.22088765,3.281874876,3.885946326,Global
Oil/Gas (Integrated),49,1.080350904,1.392412113,0.393472602,2.745682668,3.538777811,Global
Oil/Gas (Production and Exploration),964,1.12480407,1.563955131,0.201558565,5.580532239,7.75930872,Global
Oil/Gas Distribution,210,0.899761731,1.530286166,0.319866079,2.812932632,4.784146449,Global
Oilfield Svcs/Equip.,544,0.995634054,1.31383624,0.248355104,4.008913198,5.290151959,Global
Packaging & Container,395,0.57135245,0.732371756,0.192923658,2.961546842,3.796173904,Global
Paper/Forest Products,296,0.642806371,0.923117282,0.204966873,3.136147622,4.503738914,Global
Power,569,0.461696637,0.808640415,0.226344879,2.039792721,3.572603094,Global
Precious Metals,961,1.008244485,1.187269314,0.114518584,8.804199716,10.36748161,Global
Publishing & Newspapers,364,0.788668157,0.907209637,0.200792593,3.92777515,4.518142943,Global
R.E.I.T.,527,0.418801281,0.72215673,0.339590415,1.233254126,2.126552158,Global
Real Estate (Development),746,0.68163578,1.06042062,0.20187339,3.376550919,5.252899453,Global
Real Estate (General/Diversified),420,0.675112642,1.017441881,0.231876025,2.911524132,4.387870117,Global
Real Estate (Operations & Services),606,0.486000947,0.811233803,0.198875485,2.443744872,4.079104084,Global
Recreation,307,0.799305947,0.874685694,0.219424434,3.642739019,3.986272987,Global
Reinsurance,38,0.918559755,0.969198549,0.328200866,2.798773098,2.953065179,Global
Restaurant/Dining,346,0.624959398,0.784177927,0.245459422,2.546080297,3.194735491,Global
Retail (Automotive),163,0.644189855,0.921121188,0.244306192,2.636813457,3.770355473,Global
Retail (Building Supply),50,0.727321552,0.852464115,0.269580518,2.697975201,3.162187391,Global
Retail (Distributors),929,0.572869406,0.89056125,0.212625169,2.694269023,4.188409369,Global
Retail (General),220,0.814798293,1.107174035,0.268233306,3.03764773,4.127653092,Global
Retail (Grocery and Food),163,0.567786532,0.767723409,0.267409996,2.123280882,2.870960026,Global
Retail (Online),190,1.202447465,1.249699548,0.224671769,5.352018506,5.562334572,Global
Retail (Special Lines),505,0.755562491,0.923823927,0.24085224,3.137037425,3.835645984,Global
Rubber& Tires,87,0.915480464,1.059061886,0.255546995,3.582434862,4.144294031,Global
Semiconductor,535,1.284277201,1.356759069,0.281648204,4.559862918,4.817211861,Global
Semiconductor Equip,258,1.232256631,1.240664088,0.265899295,4.634298225,4.665917177,Global
Shipbuilding & Marine,326,0.728332036,1.152782354,0.216491136,3.364258,5.324847822,Global
Shoe,89,0.936710785,0.96638286,0.20871709,4.487944828,4.630108919,Global
Software (Entertainment),120,1.522841491,1.404874553,0.229115934,6.646597921,6.131719119,Global
Software (Internet),830,1.145174172,1.150974071,0.194769086,5.879650595,5.909428928,Global
Software (System & Application),1026,0.972988963,1.057811579,0.208663071,4.662966756,5.069471919,Global
Steel,737,0.73554046,1.146033027,0.217303913,3.384846826,5.273872022,Global
Telecom (Wireless),106,0.70079199,1.024638715,0.251067688,2.791247236,4.081125386,Global
Telecom. Equipment,480,1.082940895,1.162840335,0.216875477,4.993376429,5.361788023,Global
Telecom. Services,297,0.617133885,0.917234664,0.215582837,2.862629944,4.254673873,Global
Tobacco,59,0.634247622,0.706729929,0.173590155,3.65370733,4.071255821,Global
Transportation,221,0.817640422,1.070230587,0.250012538,3.27039767,4.280707662,Global
Transportation (Railroads),49,0.760313918,0.98500896,0.375798334,2.023196617,2.621110502,Global
Trucking,195,0.576156944,0.865362814,0.252663458,2.280333487,3.424962283,Global
Utility (General),57,0.449083978,0.752923267,0.287595611,1.561511932,2.617992898,Global
Utility (Water),96,0.765174449,1.054615661,0.224240389,3.412295404,4.703058471,Global
Total Market,42678,0.673448148,1.010367366,0.21936261,3.070022496,4.605923343,Global
Total Market (without financials),37762,0.822271899,1.047421592,0.21836043,3.765663495,4.796755501,Global